status,t2049_day,t2049_start,t2049_name,luma_name,start,end,tz,venue,is_free,sold_out,spots_left,require_approval,waitlist,registered,questions,url,url_resolved,api_id,score,t2049_cat,t2049_price
OK,Tue 6 Oct,09:00,APAC Enterprise & Tokenization Breakfast,APAC Enterprise & Tokenization Breakfast,2026-10-06T01:00:00.000Z,2026-10-06T03:30:00.000Z,Asia/Singapore,Singapore Orchard Singapore,NO,YES,0,YES,YES,,Name(*) | Company(*) | Title(*) | Linkedin(*) | telegram or email(*) | Who invited you?(*),https://luma.com/u250ag4s,https://lu.ma/u250ag4s,evt-hqlrMVTdmiO7nTD,29,Networking,0
OK,Thu 8 Oct,08:30,"Payments, Treasury and Tokenization Summit 2026","Payments, Treasury and Tokenization Summit 2026 by 8 Circle, XDC, PWC and Microsoft",2026-10-08T00:30:00.000Z,2026-10-08T04:00:00.000Z,Asia/Singapore,Singapore Downtown Core Singapore,YES,YES,0,YES,YES,,"Company Name(*) | Designation(*) | LinkedIn Profile(*) | How did you get to know about this event?(*) | Country of Residence(*) | Have you joined the 8 Circle business network - https://chat.whatsapp.com/KrOhSdhjSRxJUL5zCVr68R?s=cl&p=i&mlu=0&ilr=0(*) | Do you like to get information to partner or sponsor this event?(*) | By attending this event and submitting this form, you consent to the collection, use, and disclosure of your personal data and any event photos, videos, or recordings for publicity and related initiatives by 8 Circle and other event partners. This is in accordance with the Personal Data Protection Act (PDPA) of Singapore. Your data may be shared with affiliated partners solely for these purposes. We respect your privacy and are committed to protecting your personal data*(*) | By registering for the event, you acknowledge and agree to receive marketing communications from hosts and partners *(*)",https://luma.com/dnonqx1u,https://lu.ma/dnonqx1u,evt-eqbVblA8W7PW4B8,25,Conference/Summit,0
OK,Thu 8 Oct,15:30,"The Treasury Table: A CFO Summit on Stablecoins, Payments, and the Future of Business Banking","The Treasury Table: A Gathering on Stablecoins, Payments, and the Future of Business Banking",2026-10-08T07:30:00.000Z,2026-10-08T10:30:00.000Z,Asia/Singapore,Singapore Downtown Core Singapore,YES,,500,YES,,,"What company do you work for?(*) | I confirm that I work in a finance role (CFO, VP Finance, Treasury, or equivalent)(*)",https://luma.com/k8jylkcm,https://lu.ma/k8jylkcm,evt-SF1d3gFxNufb5vm,25,Conference/Summit,
OK,Wed 7 Oct,18:00,Digital Capital at The National Gallery - Founders/Family Offices/Investors,Digital Capital: Meaningful Conversations,2026-10-07T10:00:00.000Z,2026-10-07T12:00:00.000Z,Asia/Singapore,Singapore Downtown Core Singapore,YES,,129,YES,,,What company do you work for?(*) | What is your seniority level?(*) | What Best Describes your Organization?(*) | What are you looking to get from Digital Capital(*) | Are you interested in sponsoring this event?(*) | What is your LinkedIn profile?(*) | What is your Telegram username?,https://luma.com/iscvsjl9?locale=en-GB,https://lu.ma/iscvsjl9,evt-yHyNzLHecx9lJeC,23,Networking,
OK,Thu 8 Oct,13:30,AI & Emerging Onchain Assets,AI & Emerging Onchain Assets-TOKEN 2049,2026-10-08T05:30:00.000Z,2026-10-08T09:30:00.000Z,Asia/Singapore,Singapore Kallang Singapore,YES,,,,,,What company do you work for?(*) | What is your Telegram username?,https://luma.com/09pd8o7a,https://lu.ma/09pd8o7a,evt-r9i9A4Xqub15b04,22,Networking,0
OK,Tue 6 Oct,12:00,The Capital Summit x Asia Stablecoin Conference,The Capital Summit x Asia Stablecoin Conference,2026-10-06T04:00:00.000Z,2026-10-06T10:00:00.000Z,Asia/Singapore,Singapore Orchard Singapore,NO,,,YES,,,"What company do you work for?(*) | What is your role at the Company?(*) | What is your telegram ID? | Linkedin(*) | Have you Followed  X? https://x.com/AsiaStablecoin,  https://x.com/CapSummitGlobal(*) | Do you agree to subscribe to ASA, Four Pillars Newsletter and The Capital Summit?(*) | 이용 약관(*)",https://luma.com/5ldoya9l,https://lu.ma/5ldoya9l,evt-oBEcRvHSBsL1yTZ,22,Conference/Summit,0
FETCH_FAILED,Tue 6 Oct,16:30,Demo Day & Pitch Competition | Hosted by Nonlocal,,,,,,,,,,,,,https://luma.com/m54egbft,,,21,Workshop/Hackathon,
OK,Fri 9 Oct,10:00,RWA SUMMIT SINGAPORE,RWA SUMMIT SINGAPORE,2026-10-09T02:00:00.000Z,2026-10-09T09:00:00.000Z,Asia/Singapore,Singapore Marina One Show Gallery Singapore,NO,,,YES,,,Country of residency(*) | What company do you work for?(*) | What is your LinkedIn profile?(*) | What is your Telegram username? | What is your role in RWA tokenization space?(*) | Have you followed our LinkedIn page https://linkedin.com/company/rwaweek(*) | Have you followed our X channel https://x.com/rwaweek?(*) | Terms and Conditions(*),https://luma.com/rwasummit,https://lu.ma/rwasummit,evt-zAyu5ZBhfODnpJE,19,Conference/Summit,0
OK,Tue 6 Oct,16:00,TOKENISED SINGAPORE VIP EVENT,TOKENISED SINGAPORE VIP EVENT,2026-10-06T08:00:00.000Z,2026-10-06T12:00:00.000Z,Asia/Singapore,Singapore Downtown Core Singapore,NO,,,YES,,,What company do you work for?(*) | What is your LinkedIn profile?(*) | What is your Telegram username? | What is your role in RWA tokenization space?(*) | What is your country of residence?(*) | Terms and Conditions(*),https://luma.com/tokenised,https://lu.ma/tokenised,evt-ver9kfBcGTZRx9E,19,Networking,0
OK,Wed 7 Oct,14:30,1st Liquidity Wins: Making Markets in Asia's Local Stablecoins with Sera.cx,First Liquidity Wins: Making Markets in Asia's Local Stablecoins with Sera.cx,2026-10-08T06:30:00.000Z,2026-10-08T09:00:00.000Z,Asia/Singapore,,YES,,9,YES,,,"What company do you work for?(*) | Which sector are you from?(*) | Seats are limited, are you sure you will attend?(*) | Which local currency stablecoins do you care about (non-USD)?(*) | What is your Telegram username?(*) | What is your X (Twitter) handle? | What is your LinkedIn profile?",https://luma.com/lbmwf1rg,https://lu.ma/lbmwf1rg,evt-dCnhciOsSwxaDdT,18,Workshop/Hackathon,
OK,Wed 7 Oct,15:00,"DFC Pitch Competition Singapore: $100,000+ in Startup Benefits (with Arbitr","DFC Pitch Competition Singapore: $100,000+ in Startup Benefits (with Arbitrum)",2026-10-07T07:00:00.000Z,2026-10-07T12:00:00.000Z,Asia/Singapore,Singapore Downtown Core Singapore,YES,,,YES,,,"Participation(*) | What role do you represent at the event?(*) | What company do you represent?(*) | Your X (Twitter) or Linkedin(*) | Telegram(*) | For pitch applicants: What are you building? | For pitch applicants: Share links to pitch deck, demo video, app, etc. | For pitch applicants: How much did you raise and from whom? | For pitch applicants: Are you currently raising and if so, how much? | For pitch applicants: What traction and validation do you have? | For pitch applicants: Why are you uniquely qualified to solve this problem? | For pitch applicants: What chains are you building on?",https://luma.com/clqsn9rk,https://lu.ma/clqsn9rk,evt-f3fsyDYkRJ6Ft0a,18,Startup Competition,0
OK,Fri 9 Oct,19:30,"The Institutional Table: Private Dinner on Tokenization, Stablecoins and Se","The Institutional Table: Private Dinner on Tokenization, Stablecoins and Security | Token2049 Singapore",2026-10-09T11:30:00.000Z,2026-10-09T14:30:00.000Z,Asia/Singapore,Singapore Singapore,YES,,16,YES,,,"Which institution or firm do you represent?(*) | What is your LinkedIn profile?(*) | What is your X (Twitter) handle?(*) | Which best describes your organisation?(*) | Where is your organisation on tokenization or stablecoins?(*) | What is the one question about tokenization, stablecoins or security you want answered at this table?(*) | Terms and Conditions(*)",https://luma.com/quilla-00kv,https://lu.ma/quilla-00kv,evt-aH8VyN00nD94ywu,17,Party/Dinner,0
PARSE_FAILED,Sun 11 Oct,13:30,1 Oct: A Programmable Economy at the Speed of AI with Vitalik Buterin,,,,,,,,,,,,,https://luma.com/event/manage/evt-Cc2bDtTNBajOQuN,,,17,Conference/Summit,0
OK,Tue 6 Oct,09:00,AI & Formal Verification for Onchain Finance,AI & Formal Verification for Onchain Finance | Token2049 Singapore,2026-10-06T01:00:00.000Z,2026-10-06T04:00:00.000Z,Asia/Singapore,Singapore Singapore,YES,,598,YES,,,"What company do you work for?(*) | What is your LinkedIn profile?(*) | What is your Telegram username?(*) | What is your X (Twitter) handle?(*) | What role do you currently lead or represent? (Tech professionals only)(*) | I agree that QuillAudits and its event partners may use my personal data for marketing and communication purposes, including event updates, follow-up emails, surveys, information about products or services, and notifications about future events.(*)",https://luma.com/craugplf,https://lu.ma/craugplf,evt-kD8MODAGxp3E7nT,17,Networking,0
OK,Fri 9 Oct,10:00,Sony Ventures x Taisu Innovation Summit: Soneium and Onchain Entertainment,Sony Ventures x Taisu Innovation Summit: Soneium and Onchain Entertainment,2026-10-09T02:00:00.000Z,2026-10-09T06:00:00.000Z,Asia/Singapore,Singapore Central Area Singapore,YES,,,YES,,,What company do you work for?(*) | What is your LinkedIn profile?(*),https://luma.com/w2vo3svp,https://lu.ma/w2vo3svp,evt-iuFabSnK5cWmb7t,16,Conference/Summit,0
OK,Mon 5 Oct,11:30,RWA Capital Forum,RWA Capital Forum,2026-10-05T03:30:00.000Z,2026-10-05T07:00:00.000Z,Asia/Singapore,Singapore Downtown Core Singapore,YES,YES,0,YES,YES,,What is your LinkedIn profile?(*) | What company do you work for?(*) | Role(*),https://luma.com/ydaq5h18,https://lu.ma/ydaq5h18,evt-fGZaeLsclU6JMCf,16,Networking,0
OK,Tue 6 Oct,11:30,AI Founders & Investors Forum,AI Founders & Investors Forum,2026-10-06T03:30:00.000Z,2026-10-06T07:00:00.000Z,Asia/Singapore,Singapore Downtown Core Singapore,YES,,,YES,,,What is your LinkedIn profile?(*) | What company do you work for?(*) | Who invited you?(*),https://luma.com/bwcw51rz,https://lu.ma/bwcw51rz,evt-LJeNbyNuSuISurk,16,Networking,0
OK,Tue 6 Oct,13:00,Institutional Onchain Finance Summit 2026,Institutional Onchain Finance Summit 2026,2026-10-06T05:00:00.000Z,2026-10-06T09:00:00.000Z,Asia/Singapore,Singapore Downtown Core Singapore,YES,,57,YES,,,Name | Company Name(*) | WhatsApp(*) | Telegram(*) | Invited by(*) | Which best describes your company? (Multiple Choice)(*) | What best describes your interest?(*) | Would you like us to contact you?(*),https://luma.com/lnga4ied,https://lu.ma/lnga4ied,evt-xEbD9GpZIquiyzM,16,Conference/Summit,0
OK,Fri 9 Oct,17:00,Crypto VC & Investment Roundtable,Crypto VC & Investment Roundtable,2026-10-09T09:00:00.000Z,2026-10-09T15:00:00.000Z,Asia/Singapore,Singapore Downtown Core Singapore,YES,,,YES,,,,https://luma.com/d9m7ndn1,https://lu.ma/d9m7ndn1,evt-THbX6mWdMqmHq0b,15,Networking,0
OK,Mon 5 Oct,17:00,BetterX: Navigating the Current State of Payments & Yield,BetterX: Navigating the Current State of Payments & Yield,2026-10-05T09:00:00.000Z,2026-10-05T12:00:00.000Z,Asia/Singapore,Singapore Singapore,YES,,,YES,,,"What company do you work for?(*) | What is your role in your company?(*) | Are you attending TOKEN2049?(*) | What is your LinkedIn profile?(*) | This is a curated, invite-only gathering. To be considered, follow us on Linkedin: https://www.linkedin.com/company/betterx-digital-assets/ https://www.linkedin.com/company/audxtoken/",https://luma.com/p5e1t0u0,https://lu.ma/p5e1t0u0,evt-Iqxz2ufN55QDlyO,15,Networking,0
OK,Thu 8 Oct,10:00,Amigoo Ventures Coffee & Capital (SINGAPORE),Amigoo Ventures Coffee & Capital (SINGAPORE),2026-10-08T02:00:00.000Z,2026-10-08T04:00:00.000Z,Asia/Singapore,Singapore Tanjong Pagar Singapore,YES,,495,YES,,,What is your official email? (Registrations from disposable emails will be immediately rejected)(*) | What is your telegram username?(Invalid IDs will be rejected)(*) | What is your company website? (Invalid domains will not be accepted.)(*) | Why do you want to attend this event?(*) | What best describes your role in secondary/ OTC/ yield markets?(*) | What's your official job title?(*) | What is your LinkedIn profile?(*) | Have you heard about Amigoo Ventures?(*) | Terms and Conditions(*) | Please give us a follow on X:  https://x.com/Teamamigoo(*),https://luma.com/k8wh793e,https://lu.ma/k8wh793e,evt-ZYw9maywrehlemK,15,Networking,0
OK,Tue 6 Oct,07:30,AM Run & Workout w/ Bankless VC,AM Run & Workout w/ Bankless VC,2026-10-05T23:30:00.000Z,2026-10-06T01:00:00.000Z,Asia/Singapore,Singapore Singapore,YES,,,YES,,,Which company are you from?(*) | How'd you hear of the event?(*) | What is your X (Twitter) handle? | I have followed Bankless Ventures on Twitter @banklessvc(*) | Anything else we should know? | Terms and Conditions(*),https://luma.com/07wqstj3,https://lu.ma/07wqstj3,evt-GAVw0G9ljqoChje,15,Sport,
OK,Tue 6 Oct,09:30,VNTR Investor Forum Singapore,VNTR Capital Allocators Forum Singapore,2026-10-06T01:30:00.000Z,2026-10-06T08:00:00.000Z,Asia/Singapore,,YES,,,YES,,,"Linkedin URL(*) | WhatsApp(*) | Your role in the ecosystem (We accept only investment decision makers at VNTR events)(*) | How many investments have you made so far?(*) | How many deals do you plan to invest in, in the next 12 months?(*) | Average investment size per company?(*) | What type of Investor?(*) | What do you invest in?(*) | Investment Stages(*) | Are you an accredited investor?(*) | Portfolio (list your top 3 companies)(*)",https://luma.com/w5ck9zwq,https://lu.ma/w5ck9zwq,evt-2bmdPRcv3J5m1I5,15,Networking,
OK,Tue 6 Oct,12:30,Mantle RWA Day SG,"RWA Day SG: Co-hosted w/ Mantle, Byreal, Tencent Cloud, InsightX & PWT.AI",2026-10-06T04:30:00.000Z,2026-10-06T09:00:00.000Z,Asia/Singapore,Singapore Downtown Core Singapore,YES,,,YES,,,What company do you work for?(*) | What is your X (Twitter) handle?(*),https://luma.com/mantle-2pek,https://lu.ma/mantle-2pek,evt-jiGJMBdTA2yLQEN,15,Conference/Summit,0
OK,Tue 6 Oct,18:30,APAC Onchain Capital Markets Dinner,APAC Onchain Capital Markets Dinner,2026-10-06T10:30:00.000Z,2026-10-06T13:00:00.000Z,Asia/Singapore,Singapore Orchard Singapore,NO,YES,0,YES,YES,,Name(*) | Company(*) | Title(*) | Linkedin(*) | telegram or email(*) | Who invited you?(*),https://luma.com/98b6ck1t,https://lu.ma/98b6ck1t,evt-LLy6lfY5eAojBON,15,Party/Dinner,0
OK,Tue 6 Oct,18:30,The Future of Money & Payments,The Future of Money & Payments,2026-10-06T10:30:00.000Z,2026-10-06T14:00:00.000Z,Asia/Singapore,Singapore Central Area Singapore,YES,,,YES,,,What company do you work for?(*) | What is your LinkedIn profile?(*) | Who referred you?(*),https://luma.com/l4ewl7tf,https://lu.ma/l4ewl7tf,evt-ai6aT01yt1qXiQi,15,Party/Dinner,
OK,Wed 7 Oct,11:00,Founders & Investors Brunch ✨ (invite only) Singapore,Founders & Investors Brunch ✨ (invite only) - Singapore,2026-10-07T03:30:00.000Z,2026-10-07T06:30:00.000Z,Asia/Singapore,Singapore,YES,,,YES,,,"💡 which of the following represents you the best?(*) | ✖️ Twitter handle | 🤝 LinkedIn profile URL? | 💬 telegram handle?(*) | 💼 name of company/project you represent(*) | 🔗 please share a link of your project or company(*) | 💰 if you are a founder, what was your current funding round?(*) | 💸 if you're an investor, what is your Funding Stage target?(*) | 🎯 what verticals/industries is your fund/startup in?(*) | 😊 who invited you?(*) | 🚀 want to sponsor the event? last chance to get in and showcase your brand! check the box, and we'll reach out with options. | I hereby accept the treatment of my personal data by fractl and its event partners for marketing purposes, including event-related email communications, market surveys via email, product or service offerings, and future event communication via email. This event is photographed and filmed. By attending, you agree that fractl and its event partners may use photos and videos of you on social media and in marketing.(*) | Follow fractl on X https://x.com/fractlnetwork(*)",https://luma.com/mg6hn1ve,https://lu.ma/mg6hn1ve,evt-hjHzMD4vtkDwm4E,15,Networking,0
OK,Fri 9 Oct,10:00,The $100K Bucket Pull,The $100K Bucket Pull,2026-10-09T02:00:00.000Z,2026-10-09T04:00:00.000Z,Asia/Singapore,Singapore Downtown Core Singapore,YES,,,YES,,,What is your fundamental non-sequitur?(*) | Why are you gloriously different?(*) | Why will you win?(*) | What is your LinkedIn profile?(*) | What is your Telegram username?(*),https://luma.com/uczcxm3a,https://lu.ma/uczcxm3a,evt-NDxwYRtgLwKQzsG,14,Workshop/Hackathon,0
OK,Tue 6 Oct,12:00,Global Onchain Summit Singapore 2026,Global Onchain Summit Singapore 2026,2026-10-06T04:00:00.000Z,2026-10-06T09:00:00.000Z,Asia/Singapore,Singapore Central Area Singapore,YES,YES,1131,,YES,,Country / Nationality(*) | Your company's name / website(*) | Can we have your telegram handle(*) | Did you join our telegram community: https://t.me/GlobalOnchain(*) | Please acknowledge that event attendance is subject to approval. Approved guests will receive a confirmation prior to the event.(*),https://luma.com/5c8pnpl2,https://lu.ma/5c8pnpl2,evt-xAGol8hJRi9q1XU,14,Conference/Summit,0
OK,Tue 6 Oct,14:00,Build & Back: Singapore,"Whale Talks: Trading, Capital & Payments 🐳 🇸🇬",2026-10-06T06:00:00.000Z,2026-10-06T10:00:00.000Z,Asia/Singapore,Singapore Downtown Core Singapore,YES,,,YES,,,What is your Telegram username?(*) | Interested in participating?(*) | Interested in partnering with A36 during TOKEN2049 Singapore Week?(*),https://luma.com/5kdau1ak,https://lu.ma/5kdau1ak,evt-ea0ExPMp9jrB1oU,14,Startup Competition,0
OK,Tue 6 Oct,14:00,Institutional Allocators & Trading Teams Briefing,Institutional Allocators & Trading Teams Briefing,2026-10-06T06:00:00.000Z,2026-10-06T09:00:00.000Z,Asia/Singapore,Singapore Downtown Core Singapore,YES,,,YES,,,Organization(*) | Telegram/WhatsApp | You are(*) | Current trading / allocation size (USD)(*) | Current trading / interested strategy types(*) | Live trading / allocation track record length(*) | Invited by (Name) | Invited by (Company),https://luma.com/5lyw9ulx,https://lu.ma/5lyw9ulx,evt-zZIHFPD4P6uqW6z,14,Networking,0
FETCH_FAILED,Tue 6 Oct,18:00,SunDAO: Investors & Builders Mixer,,,,,,,,,,,,,https://luma.com/wn7vpvdb,,,14,Networking,0
OK,Fri 9 Oct,10:00,Finality Forum | Full-day conference on Institutional Digital Assets,Finality Forum @ Token2049 SG 2026,2026-10-09T02:00:00.000Z,2026-10-09T10:00:00.000Z,Asia/Singapore,Singapore Downtown Core Singapore,YES,,,YES,,,What is your X (Twitter) handle?(*) | What is your Telegram username?(*) | What company do you work for?(*) | Company Website(*) | Terms and Conditions(*),https://luma.com/g2lg0htf,https://lu.ma/g2lg0htf,evt-l0Q2lprJGf8HgEj,13,Conference/Summit,0
OK,Mon 5 Oct,09:00,Day One | Nobel Heroes & AI4SCI Summit Singapore 2026,Day One (Public) | Nobel Heroes & AI4SCI Summit Singapore 2026 · NTU,2026-10-05T01:00:00.000Z,2026-10-05T09:00:00.000Z,Asia/Singapore,Singapore Western Water Catchment Singapore,YES,,,YES,,,Company(*) | Position(*) | Why do you want to join this event?(*) | Who invited you?(*) | What's your LinkedIn?(*) | What's your X/Telegram？(*),https://luma.com/nobelheroesday1,https://lu.ma/nobelheroesday1,evt-uciKSAp6TdWKkWn,13,Conference/Summit,0
OK,Thu 8 Oct,08:30,On-Chain Horizons: Founders x Funders,On-Chain Horizons: Founders x Funders,2026-10-08T00:00:00.000Z,2026-10-08T03:00:00.000Z,Asia/Singapore,Singapore Downtown Core Singapore,YES,,,YES,,,What is your LinkedIn profile? | What company do you work for? | What best describes your current profession? | Terms and Conditions(*) | Who invited you?(*),https://luma.com/ixmrhvtm,https://lu.ma/ixmrhvtm,evt-MEAEcQH41WzZlok,13,Networking,0
OK,Thu 8 Oct,10:00,Ivy Alumni & Friends Meetup,"UPenn, Stanford & Ivy Alumni Meetup at Token2049 by Portal Ventures & Blockchain Builders",2026-10-08T02:00:00.000Z,2026-10-08T04:00:00.000Z,Asia/Singapore,Singapore Singapore,YES,,,YES,,,What is your alma mater?(*) | What is your LinkedIn profile?(*) | Your Telegram (in case we need to contact you)(*) | Current Company(*) | Invited by(*),https://luma.com/r65qyasf,https://lu.ma/r65qyasf,evt-1kw1SG5xizwDdlS,13,Networking,0
OK,Thu 8 Oct,14:00,The Next Generation of Payments in APAC,The Next Generation of Payments in APAC,2026-10-08T06:00:00.000Z,2026-10-08T10:00:00.000Z,Asia/Singapore,Singapore Downtown Core Singapore,YES,,,YES,,,Company（所在机构/公司）(*) | WeChat or TG （您的微信或 TG 联系方式）(*),https://luma.com/jecn61cf,https://lu.ma/jecn61cf,evt-2FMVEC9RCHKgQFl,13,Conference/Summit,0
FETCH_FAILED,Thu 8 Oct,18:00,Founder X VC Roundtable - Day 2,,,,,,,,,,,,,https://luma.com/293qizva,,,13,Networking,0
OK,Thu 8 Oct,18:30,Money Layer Singapore,Money Layer @TOKEN2049🇸🇬 Week,2026-10-08T10:30:00.000Z,2026-10-08T14:00:00.000Z,Asia/Singapore,Singapore Downtown Core Singapore,YES,,,YES,,,What Company / Fund / Project do you work for?(*) | What is your Telegram Username or Phone Number?(*) | What is your X Profile or LinkedIn?(*) | Why do you want to join this room?(*) | Who invited you? | Open to explore a Sponsor role? (reachout: t.me/sahilxdev)(*) | Following us on X? (X.com/CapviseOfficial)(*) | Join Our TG (VC x Founder Circle): (t.me/capvise)(*) | Are you comfortable being photographed at the event and your photos being used post event for promotional posts?(*),https://luma.com/m56wbw7r,https://lu.ma/m56wbw7r,evt-kkkceFB3km7bcC0,13,Conference/Summit,0
OK,Tue 6 Oct,12:00,Solana Capital Forum Singapore,Solana Capital Forum Singapore,2026-10-06T04:00:00.000Z,2026-10-06T12:00:00.000Z,Asia/Singapore,Singapore Orchard Singapore,YES,YES,0,YES,YES,,What company do you work for?(*) | What is your role at the company?(*) | What country are you based in?(*) | I agree to the Terms and Conditions of the event: https://rb.gy/ogvlgm(*) | I agree to abide by the Solana Foundation Code of Conduct: https://shorturl.at/lEMR1(*),https://luma.com/sol-cap-sg,https://lu.ma/sol-cap-sg,evt-EtD4jmg0nQl6sFL,13,Workshop/Hackathon,0
OK,Tue 6 Oct,13:00,Day Two | Nobel Heroes & AI4SCI Summit Singapore 2026,Day Two | Nobel Heroes & AI4SCI Summit Singapore 2026 · SMU,2026-10-06T05:00:00.000Z,2026-10-06T09:00:00.000Z,Asia/Singapore,Singapore Museum Singapore,YES,,,YES,,,Company(*) | Position(*) | Why do you want to join this event?(*) | Who invited you?(*) | What's your LinkedIn?(*) | What's your X/Telegram？(*),https://luma.com/nobelheroesday2,https://lu.ma/nobelheroesday2,evt-AWbc6L9qlSB041d,13,Workshop/Hackathon,0
OK,Tue 6 Oct,18:00,Trading the AI Era — A Horizon Series Event @Singapore,Trading the AI Era — A Horizon Series Event @Singapore,2026-10-06T10:00:00.000Z,2026-10-06T14:00:00.000Z,Asia/Singapore,Singapore Queenstown Singapore,YES,,,,,,Who are you trying to meet? | Company,https://luma.com/egxzlyfe,https://lu.ma/egxzlyfe,evt-wEsu7LfYPkPrxia,13,Conference/Summit,0
OK,Wed 7 Oct,15:00,Beyond Equity: Token Raises for Established Companies,Beyond Equity: Token Raises for Established Companies | Token2049 Singapore,2026-10-07T07:00:00.000Z,2026-10-07T08:00:00.000Z,Asia/Singapore,Singapore Singapore,YES,,,YES,,,What company do you work for?(*) | What is your position?(*) | What is your LinkedIn profile?(*) | What is your Telegram/WhatsApp handle?(*),https://luma.com/8bfomi5i,https://lu.ma/8bfomi5i,evt-3SbvtX3C28sUGCK,13,Conference/Summit,0
OK,Wed 7 Oct,17:00,The CMO Summit: Top 0.01% Club,The CMO Summit: Top 0.01% Club,2026-10-07T09:00:00.000Z,2026-10-07T15:30:00.000Z,Asia/Singapore,Singapore Central Area Singapore,YES,,,YES,,,What is your X (Twitter) handle?(*) | What is your Telegram username?(*) | What is your LinkedIn profile URL? | What describes you best?(*) | Please share a link to your Company / Project(*) | Who invited you?,https://luma.com/bov0h3l2,https://lu.ma/bov0h3l2,evt-qiCQMKuebmvhQtm,13,Conference/Summit,0
FETCH_FAILED,Wed 7 Oct,18:00,Founder X VC Roundtable - Day 1,,,,,,,,,,,,,https://luma.com/ezn1mkct,,,13,Networking,0
OK,Mon 5 Oct,09:30,0G Dev Day: ZERO TO INFINITY,0G Dev Day: ZERO TO INFINITY,2026-10-05T01:30:00.000Z,2026-10-05T09:00:00.000Z,Asia/Singapore,Singapore Downtown Core Singapore,YES,,,YES,,,What company do you work for?(*) | Website URL | Primary Means of Contact Handle? | How did you hear about this event?(*),https://luma.com/0g-devday-2026,https://lu.ma/0g-devday-2026,evt-M3FPmamE8VhEllB,12,Conference/Summit,0
OK,Mon 5 Oct,10:00,THE DEALFLOW - INVESTOR BRUNCH,THE DEALFLOW SINGAPORE - INVESTOR BRUNCH,2026-10-05T02:00:00.000Z,2026-10-05T05:00:00.000Z,Asia/Singapore,Singapore Downtown Core Singapore,YES,,,YES,,,What company do you work for?(*) | What is your LinkedIn profile?(*) | What is your Telegram username?(*) | Country of resindency(*) | What is your AUM?(*) | What is your investment focus?(*) | Terms and Conditions(*),https://luma.com/dealflowsg,https://lu.ma/dealflowsg,evt-LI761OV18NCcul7,12,Other,0
OK,Mon 5 Oct,14:00,Blockchain Impact Singapore,Blockchain Impact Singapore,2026-10-05T06:00:00.000Z,2026-10-05T10:00:00.000Z,Asia/Singapore,Singapore Downtown Core Singapore,YES,YES,0,YES,YES,,,https://luma.com/y6nco425,https://lu.ma/y6nco425,evt-4GappJHse8MqfYd,12,Conference/Summit,0
OK,Thu 8 Oct,08:00,"Onchain Breakfast , Singapore","Onchain Breakfast , Singapore",2026-10-08T00:00:00.000Z,2026-10-08T03:00:00.000Z,Asia/Singapore,Singapore Downtown Core Singapore,YES,,,YES,,,What company do you work for?(*) | What is your Telegram username?(*) | Are you interested to sponsor this meetup?(*),https://luma.com/uulrmjzz,https://lu.ma/uulrmjzz,evt-36Uw5PVpEzK0wCo,12,Workshop/Hackathon,0
OK,Thu 8 Oct,09:00,Institutional Breakfast: Securing Digital Assets at Scale,Institutional Breakfast: Securing Digital Assets at Scale,2026-10-08T01:00:00.000Z,2026-10-08T04:00:00.000Z,Asia/Singapore,Singapore Downtown Core Singapore,YES,,104,YES,,,What company do you work for?(*) | Invited by(*) | What is your organization's primary digital asset priority right now?(*),https://luma.com/5eviyo3p,https://lu.ma/5eviyo3p,evt-Y1Xj0zHA4R6fER0,12,Other,0
OK,Tue 6 Oct,10:00,Multichain Day,Multichain Day | TOKEN2049 Singapore,2026-10-06T01:30:00.000Z,2026-10-06T10:00:00.000Z,Asia/Singapore,Singapore Downtown Core Singapore,YES,,,YES,,,"What company do you work for?(*) | What is your job title?(*) | What is your job function?(*) | Type of company?(*) | What region are you located in?(*) | What is your Telegram handle?(*) | What is your LinkedIn profile?(*) | What other conferences is your team planning to attend in 2026? | Are you seeking any of the following services? | Would you like to connect with any of the official Multichain Day partners and speakers? | Are you interested in sponsoring this or future Wrapped events? | Opt-in to email marketing and stay informed with the latest updates and helpful resources from Wrapped and all official Multichain Day event partners. We’ll only use the information provided to contact you about related content, promotions, and services. You may unsubscribe from these communications at any time.",https://luma.com/multichaindaysingapore,https://lu.ma/multichaindaysingapore,evt-QsmjOAGgXEntWEW,12,Conference/Summit,0
OK,Tue 6 Oct,10:00,Onchain Day,Onchain Day | TOKEN2049 Singapore,2026-10-06T01:30:00.000Z,2026-10-06T10:00:00.000Z,Asia/Singapore,Singapore Downtown Core Singapore,YES,,,YES,,,"What company do you work for?(*) | What is your job title?(*) | What is your job function?(*) | Type of company?(*) | What region are you located in?(*) | What is your Telegram handle?(*) | What is your LinkedIn profile?(*) | What other conferences is your team planning to attend in 2026? | Are you seeking any of the following services? | Would you like to connect with any of the official Onchain Day partners and speakers? | Are you interested in sponsoring this or future Wrapped events? | Opt-in to email marketing and stay informed with the latest updates and helpful resources from Wrapped and all official Onchain Day event partners. We’ll only use the information provided to contact you about related content, promotions, and services. You may unsubscribe from these communications at any time.",https://luma.com/onchaindaytokensingapore,https://lu.ma/onchaindaytokensingapore,evt-aGGVncXtoG5Ryje,12,Conference/Summit,0
OK,Tue 6 Oct,11:00,Founder x VC Summit: Day 1,Founder x VC Summit | Day 1 - Demo Day 🇸🇬,2026-10-06T03:00:00.000Z,2026-10-06T09:00:00.000Z,Asia/Singapore,Singapore Singapore River Singapore,NO,,5,YES,,,"What is your X handle? (Follow: x.com/backersstage)(*) | What is your Telegram username?(*) | What is your LinkedIn profile?(*) | What company do you work for? | About You(*) | Pitch Deck (Apply here: https://forms.gle/284vZZ31GgXaiy5S9) | Applied Founder Pass? (forms.gle/1W79Wj453HxPZeP67)(*) | What are you raising, what's the traction? (for founder) | Applied for Investor/Dealflow Pass? (https://forms.gle/VZrqRCgZ8jw3tR5o9)(*) | What stage and check size are you deploying, what sectors? (for investors) | Who invited you? | Interested in the final partnership slots? (t.me/adityamahajan16) | Terms and Conditions(*)",https://luma.com/gdqakgz3,https://lu.ma/gdqakgz3,evt-fBItTKIDv8BRbGb,12,Conference/Summit,0
OK,Tue 6 Oct,18:00,The Clearing House II: Singapore,The Clearing House II: Singapore,2026-10-06T10:00:00.000Z,2026-10-06T13:00:00.000Z,Asia/Singapore,Singapore Downtown Core Singapore,YES,YES,0,,YES,,What company do you work for?(*) | What is your Telegram username?(*),https://luma.com/nz1g1prw,https://lu.ma/nz1g1prw,evt-FycQu9ya4W8AHKz,12,Networking,0
OK,Wed 7 Oct,07:30,Stablecoin Morning 5K Run,Stablecoin Morning 5K Run,2026-10-06T23:30:00.000Z,2026-10-07T01:30:00.000Z,Asia/Singapore,Singapore Downtown Core Singapore,YES,,,YES,,,,https://luma.com/a3dvp6r5,https://lu.ma/a3dvp6r5,evt-QMI8ZVlsQHaG8no,12,Workshop/Hackathon,0
OK,Wed 7 Oct,11:30,"The Institutional Stack: VIP Lunch by Chainalysis, Definitive & Utila","The Institutional Stack: VIP Lunch by Chainalysis, Definitive & Utila",2026-10-07T03:30:00.000Z,2026-10-07T06:30:00.000Z,Asia/Singapore,Singapore Downtown Core Singapore,YES,,13,YES,,,What company do you work for?(*) | Invited by(*),http://luma.com/v3fntqy3,https://lu.ma/v3fntqy3,evt-XFw8Ym4IFSUAaNY,12,Other,0
OK,Mon 5 Oct,15:00,Risky Business - Singapore '26,Risky Business - Singapore '26,2026-10-05T07:00:00.000Z,2026-10-05T11:00:00.000Z,Asia/Singapore,Singapore Downtown Core Singapore,YES,,599,YES,,,What company do you work for?(*) | What is your Telegram username?(*) | What is your LinkedIn profile?(*) | Are you looking for an audit or a new security partner in the next 6 months?(*),https://luma.com/dupkf78j,https://lu.ma/dupkf78j,evt-XUsiUTKEWJQckqX,11,Networking,0
OK,Mon 5 Oct,16:00,Meet Up,Pre Token2049: Meet Up,2026-10-03T08:00:00.000Z,2026-10-03T13:00:00.000Z,Asia/Singapore,Singapore Downtown Core Singapore,YES,,,YES,,,What company do you work for?(*) | Position(*) | Website(*) | What is your LinkedIn profile?(*) | Your TG username(*) | Which country you are base?(*) | Are you looking for Partnership with our event for sponsorships??(*) | Mobile(*),https://luma.com/av3tpir8,https://lu.ma/av3tpir8,evt-YL6KpUrRu4CGVus,11,Networking,0
OK,Mon 5 Oct,16:30,Capital & Institutions Cocktail | Singapore 2026,Capital & Institutions Cocktail | Singapore 2026,2026-10-05T08:30:00.000Z,2026-10-05T12:00:00.000Z,Asia/Singapore,Singapore Downtown Core Singapore,YES,,500,YES,,,,https://luma.com/v8dfyohz,https://lu.ma/v8dfyohz,evt-l6VxEQChCjUfTXe,11,Party/Dinner,0
FETCH_FAILED,Mon 5 Oct,17:00,SPACEY VENTURES: Web3 Synergy Night,,,,,,,,,,,,,https://luma.com/ss4ktzkq,,,11,Networking,0
OK,Mon 5 Oct,18:00,Web3 Ai : Mixers,Pre Token 2049 Web3 Ai : Mixers,2026-10-04T10:00:00.000Z,2026-10-04T17:00:00.000Z,Asia/Singapore,Singapore,YES,,,YES,,,What company do you work for?(*) | Position(*) | Website(*) | What is your LinkedIn profile?(*) | Your TG username(*) | Which country you are base?(*) | Are you looking for Partnership with our event for sponsorships??(*) | Which field are you working in ? Please state all that you working in(*) | Mobile phone,https://luma.com/rweo2o60,https://lu.ma/rweo2o60,evt-WHiCZsqGECSN7nM,11,Networking,
OK,Thu 8 Oct,10:00,AI for Humanity Impact Forum 2026,AI for Humanity Impact Forum 2026,2026-10-08T02:00:00.000Z,2026-10-08T10:00:00.000Z,Asia/Singapore,Singapore Orchard Singapore,YES,,169,,,,"What is your LinkedIn profile?(*) | What is your X (Twitter) handle? | Mobile / What’s App (Please insert country code)(*) | What is your Telegram username? | Nationality (Info used for exclusive invitations to events and will not be shared with any party or for advertising)(*) | Country / Area of Residence (Currently)(*) | City of Residence(*) | If you not living in Singapore, Kindly provide the Country and City below(*) | Company / Institution Name(*) | Company / Institution Website(*) | Job Title / Designation(*) | Occupation [ Choose Others only if you are Freelancer, Retireee, Homemaker or In Transition or Job-Seeking](*) | Occupation - Others [ Which Best Describes You](*) | Working Type [Full Time, Part Time, Ad Hoc](*) | Job Level | Industry | Industry - Others | Sector [ Industry = Banking and Finance including Insurance] | Job Function [Working Professional, Business Owner and Entrepreneur] | Area of Specialisation [ Job Function = Technology] | Qualification Currently Pursuing [Student] | Course of Study [Student] | Year of Graduation [Student] | Have you followed Singapore Blockchain Week on our official social channels?  LinkedIn: https://www.linkedin.com/company/singaporeblockchainweekofficial  l  X: https://x.com/SingaporeBWeek l Telegram:  https://t.me/SingaporeBlockchainWeek(*) | By attending and submitting this registration form, you consent to the collection, use, and disclosure of your personal data by the event organizers and partners for event administration, communications, and related purposes. You also acknowledge that photographs, videos, and recordings may be captured during the event and used for promotional, marketing, and publicity purposes across various media channels. Your personal data will be handled in accordance with the Personal Data Protection Act (PDPA) of Singapore and applicable privacy regulations.(*) | With this registration, you agree to receive event updates, industry insights, newsletters, and marketing communications from the event organizers, sponsors, and ecosystem partners. You may unsubscribe from these communications at any time.(*) | By registering, I agree to the Event Terms & Conditions.(*)",https://luma.com/jp3795j0,https://lu.ma/jp3795j0,evt-MkfpN9nI3wBReHd,11,Conference/Summit,0
OK,Thu 8 Oct,13:00,Google Cloud Gaming Global Expansion “AI Power-Up Station” — Singapore,Google Cloud × Sieger × 021Lab: AI for Global & Growth — Singapore,2026-10-08T05:00:00.000Z,2026-10-08T10:00:00.000Z,Asia/Singapore,Singapore Queenstown Singapore,YES,,,YES,,,"What is your LinkedIn profile?(*) | Company(*) | Position(*) | Who are you trying to meet at this event?(*) | We have prepared some refreshments for networking. Would you like to stay and join?(*) | If you have a Google Cloud representative, please enter their name. If not, please enter “N/A”.(*)",https://luma.com/j7it396i,https://lu.ma/j7it396i,evt-biMXAjWYt8G82rn,11,Conference/Summit,0
OK,Tue 6 Oct,09:00,"The Next Era of Digital Finance: Consumer Trends, AI Adoption","The Next Era of Digital Finance: Consumer Trends, AI Adoption",2026-10-06T01:00:00.000Z,2026-10-06T02:30:00.000Z,Asia/Singapore,,YES,,,YES,,,What company do you work for?(*) | Who referred you to this event?(*),https://luma.com/tb6f5fst,https://lu.ma/tb6f5fst,evt-oYGymLxwHpSaAzS,11,Networking,0
OK,Tue 6 Oct,10:00,Proof of Health Singapore 2026,Proof of Health 2026 | TOKEN2049 Singapore Side Event,2026-10-06T02:00:00.000Z,2026-10-06T09:00:00.000Z,Asia/Singapore,Singapore Singapore,YES,,,YES,,,What company do you work for?(*),https://luma.com/ulsv8o2e,https://lu.ma/ulsv8o2e,evt-mU7IKYHA5rXotfk,11,Conference/Summit,0
OK,Tue 6 Oct,12:00,The Allocators' Table: An Exclusive Private Luncheon in Singapore,The Allocators' Table: An Exclusive Private Luncheon in Singapore,2026-10-06T04:00:00.000Z,2026-10-06T07:00:00.000Z,Asia/Singapore,Singapore Singapore,YES,,19,YES,,,"Which company do you work for?(*) | What is your LinkedIn profile URL?(*) | What's your Telegram username?(*) | Which of the following investment areas have you previously participated in? (Select all that apply)(*) | What is your Bitfire Group UID? (the UID you registered on the official website, bitfire.com)(*)",https://luma.com/31t73vf2,https://lu.ma/31t73vf2,evt-yRNOA5dEuGxIjiV,11,Networking,0
OK,Tue 6 Oct,15:30,The Revo Connect 2026 Singapore,The Revo Connect 2026 Singapore,2026-10-06T07:30:00.000Z,2026-10-06T12:00:00.000Z,Asia/Singapore,,YES,,,YES,,,Company(*) | Job Title(*) | Country(*) | Referrer Name(*) | Category(*),https://luma.com/wc0q09yv,https://lu.ma/wc0q09yv,evt-bCK37kyXZnXHLcE,11,Networking,0
OK,Tue 6 Oct,18:00,Money in Motion: An evening hosted by APA,Money in Motion: TOKEN2049 An evening hosted by APA,2026-10-06T10:00:00.000Z,2026-10-06T14:00:00.000Z,Asia/Singapore,Singapore Downtown Core Singapore,YES,,30,YES,,,"What is your Telegram username? | What company do you work for?(*) | Invited by | Terms and Conditions(*) | You agree that Atlantic Partners Asia (SG) may collect, use, and process your information to provide you with information about its products and services, as set out in the Event Terms and Conditions.(*)",https://luma.com/mzjn1yn4,https://lu.ma/mzjn1yn4,evt-XNWUe6lrUbzompQ,11,Networking,0
OK,Tue 6 Oct,18:30,Anti Capital Private Reception: Singapore,Anti Capital Private Reception: Singapore,2026-10-06T10:30:00.000Z,2026-10-06T13:30:00.000Z,Asia/Singapore,Singapore Central Area Singapore,YES,,,YES,,,Company / Project:(*) | Title:(*) | Telegram ID:(*) | LinkedIn Profile: | Where did you hear of this event?(*) | What kind of partnership are you looking for?(*) | Is there anything else you'd like to share with us? | I follow Anti Capital on X (https://x.com/Anti__Capital)(*),https://luma.com/z4m5lous,https://lu.ma/z4m5lous,evt-D0GJMxDaKeYYQmO,11,Networking,
OK,Wed 7 Oct,15:00,Arthur Hayes Fireside Chat and Neobank Panels | ether.fi Lounge,Arthur Hayes Fireside Chat and Neobank Panels | ether.fi Lounge,2026-10-07T07:00:00.000Z,2026-10-07T09:00:00.000Z,Asia/Singapore,,YES,,,YES,,,,https://luma.com/81n4d52e,https://lu.ma/81n4d52e,evt-hY3D1bwL06kQbJK,11,Workshop/Hackathon,0
OK,Wed 7 Oct,15:00,VCs & LPs Cocktail Hour ✨ (invite only) Singapore,VCs & LPs Cocktail Hour ✨ (invite only) - Singapore,2026-10-07T07:00:00.000Z,2026-10-07T09:00:00.000Z,Asia/Singapore,Singapore,YES,,,YES,,,"💡 Which of the following represents you the best?(*) | 💼 what is the name of the company/fund you represent?(*) | 🔗 please share a link of your company/fund(*) | 🎟️ what is your average ticket size? | 💰 how many projects/funds have you deployed into in the last year? | 🤝 what is your LinkedIn profile URL? | ✖️ what is your Twitter handle? | 💬what is your telegram handle?(*) | 😊 who invited you?(*) | 🚀 want to sponsor the event? last chance to get in and showcase your brand! check the box, and we'll reach out with options. | I hereby accept the treatment of my personal data by fractl and its event partners for marketing purposes, including event-related email communications, market surveys via email, product or service offerings, and future event communication via email. * This event is photographed and filmed. By attending, you agree that fractl and its event partners may use photos and videos of you on social media and in marketing.(*) | Follow fractl on X https://x.com/fractlnetwork(*)",https://luma.com/o4cviom4,https://lu.ma/o4cviom4,evt-bF4GNI5D8eCS6Ex,11,Party/Dinner,0
OK,Wed 7 Oct,18:00,"The Corridor Singapore ⇆ Vienna. Two Regimes, One Rail","The Corridor ASIA & EUROPE. Two Regimes, One Rail. (Singapore ⇆ Vienna as execution examples).",2026-10-07T10:00:00.000Z,2026-10-07T14:00:00.000Z,Asia/Singapore,Singapore Singapore,YES,,9,YES,,,What company do you work for?(*) | Wie lautet dein LinkedIn-Profil?(*) | Why do you think we should allow you to the Corridor Event? It is a highly curated event.(*),https://luma.com/upeeqmpy,https://lu.ma/upeeqmpy,evt-UtC4gkKlD3EKNyZ,11,Networking,0
OK,Wed 7 Oct,20:00,Powering Modern Payments,UPay Powering Modern Payments,2026-10-07T12:00:00.000Z,2026-10-07T15:00:00.000Z,Asia/Singapore,Singapore Downtown Core Singapore,YES,,,YES,,,"What is your Telegram username?(*) | What is your LinkedIn profile?(*) | What is your X (Twitter) handle? | Website URL(*) | What best describes your role?(*) | What company or project are you mainly working with?(*) | Where are you primarily based?(*) | What are you actively looking for from this event?(*) | Are you interested in connecting with any of our partners?(*) | Which of UPay's services are you interested in?(*) | What type of event would your company be interested in sponsoring in the future?(*) | Referred By(*) | I'm open to connecting with relevant people, partners and services that match my interests, and happy for my details to be shared for this purpose.(*)",https://luma.com/TBE-UPAY,https://lu.ma/TBE-UPAY,evt-7rWvVQNzQSrq7Au,11,Networking,0
OK,Fri 9 Oct,18:00,Founder x VC Summit: Day 2 (Private),Founder x VC Summit | Day 2 - Happy Hour 🇸🇬,2026-10-09T10:00:00.000Z,2026-10-09T14:00:00.000Z,Asia/Singapore,Singapore Singapore River Singapore,NO,,,YES,,,What is your X (Twitter) handle?(*) | What is your Telegram username?(*) | What is your LinkedIn profile?(*) | About You(*) | What company do you work for?(*) | Applied for Founder Pass? | Applied for Investor/Dealflow Pass?(*) | Interested in the final partnership slots? (t.me/adityamahajan16) | Terms and Conditions(*),https://luma.com/4lzbeit3,https://lu.ma/4lzbeit3,evt-NhFsn3WR8phYgF3,10,Networking,0
OK,Mon 5 Oct,10:00,Solana Mini Hacker House x 021Lab · Singapore 2026 - Day 1,Solana Mini Hacker House x 021Lab · Singapore 2026,2026-10-05T02:00:00.000Z,2026-10-06T10:00:00.000Z,Asia/Singapore,Singapore Queenstown Singapore,YES,,,,,,What is your LinkedIn profile?(*) | Who are you trying to meet at this event?(*) | Telegram (@xxx)(*) | Are you joining as(*),https://luma.com/dpdxyo2d,https://lu.ma/dpdxyo2d,evt-74nllBgJJFrnDdQ,10,Hackathon,0
OK,Mon 5 Oct,19:00,Exclusive Whiskey & Cigar Evening - Day 1,Exclusive Whiskey & Cigar Evening- 05 October (7pm to 9pm),2026-10-05T11:00:00.000Z,2026-10-05T13:00:00.000Z,Asia/Singapore,Singapore Geylang Singapore,YES,,12,YES,,,"Company(*) | Position(*) | What is your LinkedIn profile? | What is your Telegram username? | Briefly tell us about yourself. Post-event, this will be circulated to all attending participants together with your contact details to foster collaboration.(*) | What do you or your business currently need that someone at the event may be able to assist with?(*) | This is a great opportunity to expand our networks. Do you know someone outside your business who would benefit from attending? Please share their name and email address, and we will send them an invite.(*) | We’re excited to see you there! We have limited spots so if your plans change and you’re unable to join us, do you agree to let us know?(*)",https://luma.com/ui1o451m,https://lu.ma/ui1o451m,evt-daRFLEsWt5r0Mg9,10,Networking,
OK,Tue 6 Oct,13:30,Agentic Money 2026,Agentic Money 2026,2026-10-06T05:30:00.000Z,2026-10-06T10:00:00.000Z,Asia/Singapore,Singapore Downtown Core Singapore,NO,,,YES,,,What is your X (Twitter) handle?(*) | What is your Telegram username? | Which company/organization/project/team do you work for?(*),https://luma.com/97p1rzs3,https://lu.ma/97p1rzs3,evt-DYWVoF722hgfFEo,10,Conference/Summit,0
OK,Wed 7 Oct,10:30,Payments and Stablecoins Cafe in MBS w/ Monad Foundation and StraitsX,Payments and Stablecoins Cafe in MBS w/ Monad Foundation and StraitsX,2026-10-07T02:30:00.000Z,2026-10-07T09:00:00.000Z,Asia/Singapore,Singapore Downtown Core Singapore,YES,,,,,,,https://luma.com/monad-straitsx,https://lu.ma/monad-straitsx,evt-xXrOExH1UJ0fZH5,10,Networking,0
OK,Fri 9 Oct,09:00,"Network State Conference: Singapore Oct 9, 2026","Network State Conference: Singapore Oct 9, 2026",2026-10-09T01:00:00.000Z,2026-10-09T12:00:00.000Z,Asia/Singapore,Singapore Singapore,YES,,,,,,,https://luma.com/ns2026,https://lu.ma/ns2026,evt-YmTGHFb7GGjrcgp,9,Workshop/Hackathon,0
OK,Fri 9 Oct,12:00,CONNECT by Cointelegraph: Singapore Edition,CONNECT by Cointelegraph: Singapore Edition,2026-10-09T04:00:00.000Z,2026-10-09T10:00:00.000Z,Asia/Singapore,Singapore Central Area Singapore,YES,,,YES,,,"First name(*) | Last name(*) | What company do you work for?(*) | Your business email(*) | What is your X (Twitter) handle?(*) | What is your LinkedIn profile?(*) | What describes you best?(*) | Are you interested in a sponsored video interview and social coverage by Cointelegraph?(*) | Are you interested in partnering with us for higher brand visibility & amplification during the event?(*) | By clicking the checkbox, I consent to receive marketing communications from Cointelegraph, in accordance with their respective privacy policies.(*) | What is your Telegram username?(*)",https://luma.com/q23fn0vw,https://lu.ma/q23fn0vw,evt-ysvqWnbANDE9te5,9,Conference/Summit,0
OK,Fri 9 Oct,20:00,Super Secret Private & VIP Institutional Karaoke Cross-Chain Roundtable,Super Secret Private & VIP Institutional Karaoke Cross-Chain Roundtable,2026-10-09T12:00:00.000Z,2026-10-09T15:00:00.000Z,Asia/Singapore,Singapore Outram Singapore,YES,,,,,,Have you joined the Super Secret VIP networking group: https://t.me/+kdUec9iJQjkzYjMy(*) | What is your LinkedIn profile?(*) | Terms and Conditions(*),https://luma.com/zl4ggl0o,https://lu.ma/zl4ggl0o,evt-yat9s7akFK6ClEv,9,Party/Dinner,0
OK,Mon 5 Oct,10:00,CoinFerenceX The Best Event Singapore - Day 1,CoinFerenceX The Best Event Singapore,2026-10-05T01:30:00.000Z,2026-10-06T10:00:00.000Z,Asia/Singapore,Singapore Marina South Singapore,YES,,,YES,,,"What is your Telegram username?(*) | What is your LinkedIn profile?(*) | What is your X (Twitter) handle? | What best describes your role?(*) | What company or project are you mainly working with?(*) | What stage is your company or project currently at?(*) | Where are you primarily based?(*) | What are you actively looking for from this event?(*) | Are you interested in connecting with any of our partners?(*) | I'm open to connecting with relevant people, partners and services that match my interests, and happy for my details to be shared for this purpose.(*)",https://luma.com/cfx-tbe-summit,https://lu.ma/cfx-tbe-summit,evt-SRSeRqJykejGWY3,9,Workshop/Hackathon,0
OK,Thu 8 Oct,09:00,HSC Asset Management Singapore,HSC Asset Management Singapore,2026-10-08T01:00:00.000Z,2026-10-08T10:00:00.000Z,Asia/Singapore,Singapore Downtown Core Singapore,YES,,,,,,"Job Title(*) | Company(*) | Telegram(*) | We’ve got a Telegram Chat powered by LinkUp—a networking tool that lets you view other attendees' profiles and connect with them | If you’d like to join it, click the link: https://t.me/LinkUpTheBot?start=hack_seasons, complete your profile on LinkUp, get approved and join the chat! 🎉",https://luma.com/HSC_Singapore,https://lu.ma/HSC_Singapore,evt-sHlJkOSP21mnT7u,9,Conference/Summit,0
OK,Thu 8 Oct,11:00,HypurrCo Gathers x Hyperliquid Strategies x Hyperliquid Policy Center x Ins,HypurrCo Gathers x Hyperliquid Strategies x Hyperliquid Policy Center x Insilico Terminal,2026-10-08T03:00:00.000Z,2026-10-08T08:00:00.000Z,Asia/Singapore,Singapore Singapore,YES,,55,YES,,,What is your X (Twitter) handle?(*) | What company do you work for?(*) | What is your Telegram username?(*) | Are you staking with HypurrCo x Nansen?(*) | Why are you interested in this event? Please elaborate more on your involvement within the HL Ecosystem for a better chance of joining the event. This event is extremely exclusive and we vet every application.,https://luma.com/mmrfj0pz,https://lu.ma/mmrfj0pz,evt-pNLnIBkQtv6OjVD,9,Workshop/Hackathon,0
OK,Thu 8 Oct,13:00,QDay Singapore,Quantum & Privacy Day: at Token2049 Singapore,2026-10-08T05:00:00.000Z,2026-10-08T12:00:00.000Z,Asia/Singapore,Singapore Downtown Core Singapore,YES,,17,YES,,,"What company do you work for?(*) | What is your X (Twitter) handle?(*) | What's your work email?(*) | What is your Telegram username?(*) | What is your LinkedIn profile? | Referred by? | Terms and Conditions(*) | I consent to receiving communications from Quantus, including product updates, event invitations, and marketing materials. I understand I can unsubscribe at any time.(*)",https://luma.com/jtof4o9b,https://lu.ma/jtof4o9b,evt-He5fkoBxzNhGHyS,9,Workshop/Hackathon,0
OK,Thu 8 Oct,14:00,The Odds: Prediction Markets Live,Agentic Finance Summit + The Odds: Prediction Markets Live,2026-10-08T06:00:00.000Z,2026-10-08T12:00:00.000Z,Asia/Singapore,Singapore Downtown Core Singapore,YES,,2519,YES,,,What company do you work for?(*) | What is your LinkedIn profile?(*) | Preferred Track? | I am interested in exploring the following:(*),https://luma.com/8oxs8lco,https://lu.ma/8oxs8lco,evt-qX07lwutcaNh5Fn,9,Conference/Summit,
OK,Thu 8 Oct,15:00,Trader Gathering with Sharding Capital,Trader Gathering with Sharding Capital,2026-10-08T07:00:00.000Z,2026-10-08T09:00:00.000Z,Asia/Singapore,Singapore Central Area Singapore,YES,,,YES,,,,https://luma.com/fqw5qq36,https://lu.ma/fqw5qq36,evt-gGn1cyC5fYF6UVf,9,Party/Dinner,
OK,Thu 8 Oct,16:00,"LONGITUDE, 10th edition","LONGITUDE, 10th edition",2026-10-08T07:00:00.000Z,2026-10-08T13:00:00.000Z,Asia/Singapore,Singapore Tanjong Pagar Singapore,YES,,,YES,,,"First name(*) | Last name(*) | What company do you work for?(*) | Your job title(*) | Your business email(*) | What is your X (Twitter) handle?(*) | What is your LinkedIn profile?(*) | What is your Telegram username?(*) | What describes you best?(*) | Who were you invited by?(*) | Are you interested in partnering with us for higher brand visibility & amplification during the event?(*) | By clicking the checkbox, I consent to receive marketing communications from Cointelegraph, in accordance with their respective privacy policies.*(*)",https://luma.com/2g8kwtyd,https://lu.ma/2g8kwtyd,evt-dTSa44tArsD1Uue,9,Conference/Summit,0
OK,Thu 8 Oct,18:00,"Investors, Institutions and Innovators Night 2026","Investors, Institutions and Innovators Night 2026",2026-10-08T10:00:00.000Z,2026-10-08T13:00:00.000Z,Asia/Singapore,Singapore Central Area Singapore,YES,YES,0,YES,YES,,"What company do you work for?(*) | What is your Telegram username?(*) | Who invited you? Let us know if you were invited by one of our sponsors by stating their name and company! | I understand that my registration details may be shared with the organisers for event admission, networking and follow-up purposes. I acknowledge that photographs and videos may be captured during the event, which may be used in the marketing efforts of the organisers.(*)",https://luma.com/a63ces7l,https://lu.ma/a63ces7l,evt-BhqeqQbgW2t5VIV,9,Party/Dinner,0
OK,Tue 6 Oct,08:00,Gamma Prime Investing Summit 2026 Singapore 🇸🇬 (Featuring Arthur Hayes &,"Gamma Prime Investing Summit 2026 Singapore 🇸🇬 (Speakers: Arthur Hayes, Yat Siu & Haseeb Qureshi)",2026-10-06T00:30:00.000Z,2026-10-06T12:00:00.000Z,Asia/Singapore,Singapore Downtown Core Singapore,YES,,,YES,,YES,Promo code | Your role in the ecosystem(*) | Your Telegram Handle(*) | Your Company Name(*) | Job Title(*) | Do You Invest & Average Cheque Size(*) | Interested in Becoming a Sponsor?,https://luma.com/investingsummit2026Singapore?pk=g-SGXdu4UKgMAnNwC,https://lu.ma/investingsummit2026Singapore,evt-3h9uJVWJ68cRqTA,9,Workshop/Hackathon,0
OK,Tue 6 Oct,09:00,Gamma Prime Investing Summit 2026 Singapore 🇸🇬,"Gamma Prime Investing Summit 2026 Singapore 🇸🇬 (Speakers: Arthur Hayes, Yat Siu & Haseeb Qureshi)",2026-10-06T00:30:00.000Z,2026-10-06T12:00:00.000Z,Asia/Singapore,Singapore Downtown Core Singapore,YES,,,YES,,,Promo code | Your role in the ecosystem(*) | Your Telegram Handle(*) | Your Company Name(*) | Job Title(*) | Do You Invest & Average Cheque Size(*) | Interested in Becoming a Sponsor?,https://luma.com/investingsummit2026singapore,https://lu.ma/investingsummit2026Singapore,evt-3h9uJVWJ68cRqTA,9,Conference/Summit,0
OK,Tue 6 Oct,09:00,OKX Now. Singapore,"OKX Now, Singapore",2026-10-06T01:00:00.000Z,2026-10-06T13:00:00.000Z,Asia/Singapore,Singapore Orchard Singapore,YES,,,YES,,,"Company, organisation or project(*) | Linkedin or professional profile(*) | Name of your primary contact at OKX(*) | I confirm that I am not a Singapore resident, or, if I am a Singapore resident, I am attending solely in a professional capacity unrelated to my use or potential use of OKX's virtual asset services. I understand that this event is not intended to promote or offer such services to Singapore residents or persons in jurisdictions where such promotion or services are restricted or unlawful.(*) | Terms and Conditions(*)",https://luma.com/OKXNow,https://lu.ma/OKXNow,evt-SowgDzyegYReFYH,9,Conference/Summit,0
OK,Tue 6 Oct,09:00,Solana Summit,Solana Summit Singapore,2026-10-06T01:00:00.000Z,2026-10-06T10:00:00.000Z,Asia/Singapore,Singapore Downtown Core Singapore,YES,,131,YES,,,"Legal Name (as shown on ID) - this will only be used for badge pick-up verification and will not be printed on your badge(*) | What company do you work for?(*) | What country or region are you based in?(*) | What city are you located in? | Which category does your product/service fall under?(*) | What are your goals for attending the event? (select all that apply)(*) | Are you a Superteam member? (If 'Yes' please select which Superteam)(*) | What is your t-shirt size (unisex)? | What is your Twitter handle? | Yes, I'd like to sign up for any Solana Summit newsletter to learn about the latest in the Solana ecosystem and get the best resources! | Yes, the Solana Summit can contact me about future events, major news, and more. | I agree to the Terms and Conditions of the event: https://bit.ly/4vlMclO(*) | I agree to the Solana Summit Code of Conduct of the event: https://bit.ly/4xIkXDS(*)",https://luma.com/solana-summit-singapore-2026,https://lu.ma/solana-summit-singapore-2026,evt-ZCBBee6GdXTsBeZ,9,Conference/Summit,0
OK,Tue 6 Oct,10:00,ACTIVATE: Sunrise Yoga,Sunrise Yoga,2026-10-06T02:30:00.000Z,2026-10-06T03:30:00.000Z,Asia/Singapore,Singapore Tanjong Pagar Singapore,YES,,,,,,Your Company | Job Title | TG Handle,https://luma.com/s8i7jczp,https://lu.ma/s8i7jczp,evt-TnrNVvOu9wPsWbl,9,Networking,0
OK,Tue 6 Oct,13:00,Game On Pickleball,Game On Pickleball,2026-10-06T05:00:00.000Z,2026-10-06T08:00:00.000Z,Asia/Singapore,Singapore Tiong Bahru Singapore,YES,YES,0,,YES,,What company do you work for?(*) | What is your Telegram username?(*) | Invitation by: [Please specify name and project](*),https://luma.com/lvd8oa6z,https://lu.ma/lvd8oa6z,evt-YLmC9gJkFAvWMAQ,9,Networking,0
OK,Tue 6 Oct,17:00,The KOL Club: The Agentic Era of Trading,KOL Club & The Agentic Era of Trading,2026-10-06T09:00:00.000Z,2026-10-06T15:30:00.000Z,Asia/Singapore,Singapore Downtown Core Singapore,YES,,,YES,,,What is your X (Twitter) handle?(*) | What is your Telegram username?(*) | Which Company Or Project Do You Represent?(*) | Which Of These Best Describes Your Role?(*) | Do You Trade With AI Or Automation?(*),https://luma.com/2b64kgv3,https://lu.ma/2b64kgv3,evt-3vaErW1CTBrRYa3,9,Party/Dinner,0
OK,Tue 6 Oct,18:00,Pocket Pairs,Pocket Pairs @ Token2049 SG,2026-10-06T10:00:00.000Z,2026-10-06T15:00:00.000Z,Asia/Singapore,Singapore Central Area Singapore,YES,,15,YES,,,"What is your primary role in the crypto ecosystem?(*) | Estimated 30-day Perp DEX Trading Volume(*) | Are you currently staking >$10K USD in $HYPE? If so, with which validator?(*) | Which exchanges do you primarily trade on?(*) | What is your Telegram username? | What is your X (Twitter) handle? | Submit your Hyperliquid or EVM address (Optional). We will not share this with any third party and the collected data will be destroyed within a month of the event conclusion. | Who referred or invited you to Pocket Pairs, if any? | Have you used Agent Pear before?(*) | I have used Insilico Terminal before. | I hold stHYPE. | Anything else that you think is relevant for us to make a decision. Or information from prior questions you want to elaborate on.",https://luma.com/p88p8fn0,https://lu.ma/p88p8fn0,evt-qc7yfEyRlXEKZej,9,Networking,0
OK,Tue 6 Oct,20:00,The Institutional Ark: Anchoring the Next Era of Digital Asset Growth,The Institutional Ark: Anchoring the Next Era of Digital Asset Growth,2026-10-06T12:00:00.000Z,2026-10-06T15:00:00.000Z,Asia/Singapore,Singapore Downtown Core Singapore,NO,,2528,YES,,,Country Code(*) | Company Name(*) | Industry / Sector(*) | Job Title(*) | Telegram Handle | Invited By(*) | Terms and Conditions(*),https://luma.com/xn1chytf,https://lu.ma/xn1chytf,evt-M5pMgh2GqNeNFwH,9,Networking,0
OK,Wed 7 Oct,09:00,DeFinition Singapore 2026,DeFinition Singapore 2026,2026-10-07T01:00:00.000Z,2026-10-07T10:00:00.000Z,Asia/Singapore,Singapore Central Area Singapore,YES,,456,YES,,,Company website(*) | What's your LinkedIn profile?(*) | What's your job title?(*) | What's your Telegram handle?(*) | Company type(*) | Terms and Conditions(*) | Do you follow DeFinition? x.com/definition_evt ; linkedin.com/company/definition-global(*),https://luma.com/y2stptuj,https://lu.ma/y2stptuj,evt-0gvKLlgoDPQCkUM,9,Conference/Summit,0
OK,Wed 7 Oct,10:00,Neobankers Brunch: More Than A Crypto Card,"Neobankers Brunch by Wirex, Rigid.fi, and Cardify Crypto",2026-10-07T02:00:00.000Z,2026-10-07T04:00:00.000Z,Asia/Singapore,Singapore Downtown Core Singapore,YES,,186,YES,,,"If you're a Neobank, would you like to get listed on Cardifycrypto.com | Would you like to co-sponsor this event? Options start from just $1,000 | Telegram Handle",https://luma.com/vzpoa3ni,https://lu.ma/vzpoa3ni,evt-GL42hXUIVhEkvSP,9,Networking,0
OK,Wed 7 Oct,14:00,"AI You Can Touch by OpenBuilder, Sogni and TZ APAC","AI You Can Touch by OpenBuilder, Sogni and TZ APAC",2026-10-07T06:00:00.000Z,2026-10-07T10:00:00.000Z,Asia/Singapore,Singapore Central Area Singapore,YES,,,YES,,,What company do you work for?(*) | Have you deployed local AI?(*) | How much are you going to spend on compute?(*) | What is your biggest problem with AI implementation?(*) | I like Gen AI and would like to join the Sogni monthly newsletter,https://luma.com/3vjsnsxw,https://lu.ma/AI-You-Can-Touch,evt-SBK8LFWdXibBTnM,9,Networking,0
OK,Wed 7 Oct,15:00,Arbitrum Founders Eve @ Singapore 🇸🇬,"Arbitrum Founders Eve and Pitch Competition, Singapore 🇸🇬",2026-10-07T07:00:00.000Z,2026-10-07T12:00:00.000Z,Asia/Singapore,Singapore Downtown Core Singapore,YES,,,YES,,,"What is your country of residence?(*) | Which city are you based in? | How many years of web3 experience do you have?(*) | What company do you work for? Type N/A if none.(*) | What is your role?(*) | What is your GitHub username? | Would you like to pitch your startup in the Pitch Competition? If yes, please apply on this (https://luma.com/clqsn9rk) link as well. It's mentioned in this form's description too.(*) | What is your LinkedIn profile? | What is your X (Twitter) handle? | Would you like to sign up for the Arbitrum Builder's Block Newsletter? | Terms and Conditions(*)",https://luma.com/arbitrum-founders-eve-sgp,https://lu.ma/arbitrum-founders-eve-sgp,evt-b3lVXFICeH7gcdo,9,Conference/Summit,0
OK,Wed 7 Oct,15:00,"Arbitrum Founders Eve, Singapore 🇸🇬","Arbitrum Founders Eve and Pitch Competition, Singapore 🇸🇬",2026-10-07T07:00:00.000Z,2026-10-07T12:00:00.000Z,Asia/Singapore,Singapore Downtown Core Singapore,YES,,,YES,,,"What is your country of residence?(*) | Which city are you based in? | How many years of web3 experience do you have?(*) | What company do you work for? Type N/A if none.(*) | What is your role?(*) | What is your GitHub username? | Would you like to pitch your startup in the Pitch Competition? If yes, please apply on this (https://luma.com/clqsn9rk) link as well. It's mentioned in this form's description too.(*) | What is your LinkedIn profile? | What is your X (Twitter) handle? | Would you like to sign up for the Arbitrum Builder's Block Newsletter? | Terms and Conditions(*)",https://luma.com/arbitrum-founders-eve-token2049-singapore,https://lu.ma/arbitrum-founders-eve-sgp,evt-b3lVXFICeH7gcdo,9,Conference/Summit,0
OK,Wed 7 Oct,15:00,Token Sale Summit 2026,Token Sale Summit 2026 @ Token2049 Singapore,2026-10-07T07:00:00.000Z,2026-10-07T08:00:00.000Z,Asia/Singapore,Singapore Singapore,YES,,,YES,,,What company do you work for?(*) | What is your position?(*) | What is your LinkedIn profile?(*) | What is your Telegram/WhatsApp handle?(*) | What is your X (Twitter) handle? | How much are you planning to raise in your token sale? (Please indicate in USD)(*) | When are you planning your token sale?(*),https://luma.com/t4se9uv6,https://lu.ma/t4se9uv6,evt-A6AhmF021f9HWJs,9,Conference/Summit,0
OK,Wed 7 Oct,18:30,Rooftop UTXO Pitch Night,Rooftop UTXO Pitch Night,2026-10-07T10:30:00.000Z,2026-10-07T15:00:00.000Z,Asia/Singapore,Singapore Central Area Singapore,YES,,1328,YES,,,What is your LinkedIn profile?(*) | How would you describe yourself?(*) | Firm Name or Company Name?(*) | Title?(*) | Average check size? (Investors only) | Terms and Conditions(*),https://luma.com/utxopitchnight,https://lu.ma/utxopitchnight,evt-zhNTH1dxGhVXcGE,9,Networking,
OK,Mon 5 Oct,09:00,Web3TV Interview Feature With Singapore Blockchain Week - Day 1,Web3TV Interview Feature With Singapore Blockchain Week,2026-10-05T01:00:00.000Z,2026-10-09T14:00:00.000Z,Asia/Singapore,Singapore Singapore,YES,,142,,,,"What is your LinkedIn profile?(*) | What is your X (Twitter) handle? | Mobile / What’s App (Please insert country code)(*) | What is your Telegram username? | Nationality (Info used for exclusive invitations to events and will not be shared with any party or for advertising)(*) | Country / Area of Residence (Currently)(*) | City of Residence(*) | If you not living in Singapore, Kindly provide the Country and City below(*) | Company / Institution Name(*) | Company / Institution Website(*) | Job Title / Designation(*) | Occupation [ Choose Others only if you are Freelancer, Retireee, Homemaker or In Transition or Job-Seeking](*) | Occupation - Others [ Which Best Describes You](*) | Working Type [Full Time, Part Time, Ad Hoc](*) | Job Level | Industry | Industry - Others | Sector [ Industry = Banking and Finance including Insurance] | Job Function [Working Professional, Business Owner and Entrepreneur] | Area of Specialisation [ Job Function = Technology]",https://luma.com/dd8728yc,https://lu.ma/dd8728yc,evt-1wE8LVXclyqhzEW,8,Other,0
OK,Mon 5 Oct,15:00,The Liquidity Pool - Hosted by Yuzu Money,The Liquidity Pool - Hosted by Yuzu Money,2026-10-05T07:00:00.000Z,2026-10-05T11:00:00.000Z,Asia/Singapore,Singapore Central Area Singapore,YES,,,YES,,,What is your Telegram username?(*) | What is your X (Twitter) handle? | Why are you looking forward to this event? :)(*),https://luma.com/7l5amv63,https://lu.ma/7l5amv63,evt-qYRiPyDkDWEUNGs,8,Workshop/Hackathon,0
OK,Thu 8 Oct,19:00,Kalshi x Insilico Terminal | Asia Session,Kalshi x Insilico Terminal | Asia Session @ TOKEN2049,2026-10-08T11:00:00.000Z,2026-10-08T15:00:00.000Z,Asia/Singapore,Singapore Downtown Core Singapore,YES,,,YES,,,What company do you work for? | What best describes you? | What is your Telegram username? | What is your X (Twitter) handle? | Who invited you? | Terms and Conditions(*),https://luma.com/w931emv1,https://lu.ma/w931emv1,evt-LEYEvg6H3jz4yW1,8,Party/Dinner,0
OK,Tue 6 Oct,10:00,RWA.LTD Private Connect - Part A,RWA.LTD Private Connect | TOKEN2049 Singapore- Part A,2026-10-06T02:00:00.000Z,2026-10-06T07:00:00.000Z,Asia/Singapore,Singapore Bukit Merah Singapore,YES,,,YES,,,,https://luma.com/kvlkxq0p,https://lu.ma/kvlkxq0p,evt-lROqsKz6ABcvpIV,8,Networking,0
OK,Tue 6 Oct,17:00,RWA.LTD Private Connect - Part B,RWA.LTD Private Connect | TOKEN2049 Singapore- Part B,2026-10-06T09:00:00.000Z,2026-10-07T14:00:00.000Z,Asia/Singapore,Singapore Bukit Merah Singapore,YES,,,YES,,,,https://luma.com/5gbluyhd,https://lu.ma/5gbluyhd,evt-XNB989H24p8fCto,8,Networking,0
OK,Tue 6 Oct,18:00,"Off-menu: RWA, Defi and whiskey night.","OFF MENU 2049: RWA, Defi and Whiskey night",2026-10-06T11:00:00.000Z,2026-10-06T14:00:00.000Z,Asia/Singapore,Singapore Central Area Singapore,YES,,,YES,,,What is your Telegram username?(*) | What is your X (Twitter) handle?(*) | What is your LinkedIn profile? | What's your corner of the industry?(*) | What company do you work for? | Would you like to join our private TG group for exclusive yield opportunities?(*) | How do you like your pour?(*) | What's your favourite DeFi yield source?,https://luma.com/51wblzso,https://lu.ma/51wblzso,evt-dchGfEH7Gg5Zp9J,8,Networking,0
OK,Tue 6 Oct,18:00,Stablecoins: from Tokens to Rails. A debate,Stablecoins: from Tokens to Rails. A debate,2026-10-06T10:30:00.000Z,2026-10-06T13:30:00.000Z,Asia/Singapore,Singapore Central Area Singapore,YES,YES,0,YES,YES,,What is your LinkedIn profile?(*) | What is your X (Twitter) handle? | What company/project do you work for?(*),https://luma.com/f0zs81q0,https://lu.ma/f0zs81q0,evt-Lv9mvgCW6zElvIy,8,Conference/Summit,0
OK,Wed 7 Oct,18:00,"The Agentic Mixer: Build, Fund, Scale","The Agentic Mixer: Build, Fund, Scale",2026-10-07T10:00:00.000Z,2026-10-07T13:00:00.000Z,Asia/Singapore,Singapore Downtown Core Singapore,YES,,,YES,,,Corporate Email Address(*) | What company do you work for?(*) | Country/Region(*) | Job Function(*) | Organization Type(*) | What is your LinkedIn profile? | What is your X (Twitter) handle? | What is your Telegram username? | Terms and Conditions(*) | Who invited you?,https://luma.com/animoca-2jr5,https://lu.ma/animoca-2jr5,evt-wvo8WiyhLX1ZUOp,8,Networking,
OK,Wed 7 Oct,20:00,RWA Beyond the Hype: Industry Talks & Networking,RWA Beyond the Hype: Industry Talks & Networking,2026-10-07T12:00:00.000Z,2026-10-07T14:00:00.000Z,Asia/Singapore,Singapore Downtown Core Singapore,YES,,,YES,,,"您目前的身份是？｜Which best describes you?(*) | 您所在的组织、公司或项目名称是？｜What is the name of your organization, company, or project?(*) | 您在该组织、公司或项目中的职位或角色是？｜What is your role within the organization, company, or project?(*) | 您目前是否已有 BiFu 账号？｜Do you currently have a BiFu account?(*) | 如您已有 BiFu 账号，请填写 UID，用于身份核实及抽奖登记｜If you have a BiFu account, please provide your UID for identity verification and lucky draw registration | 领英账号，以便我们审核报名并促成更有效的现场交流｜LinkedIn profile, so that we can verify you | 推特账号，以便我们核实报名信息｜X (Twitter) handle, so that we can verify you X | 您是通过什么渠道得知本次活动的？｜How did you hear about this event?(*)",https://luma.com/8vwgeuh7,https://lu.ma/8vwgeuh7,evt-u5jkDB8C216qbDP,8,Networking,0
OK,Fri 9 Oct,10:45,BitAngels Singapore 2026,BitAngels Singapore 2026,2026-10-09T02:45:00.000Z,2026-10-09T06:30:00.000Z,Asia/Singapore,Singapore Downtown Core Singapore,YES,,64,YES,,,What best describes you? (click all that apply)(*) | Are you looking to raise funds?(*) | Are you looking to launch a token?(*) | Do you have a listed token?(*) | Are you looking to connect with market makers?(*) | Are you looking to expand on CEX’s? | Will you need an audit in the next 6 months?(*) | Access Code(*) | What is your X (Twitter) handle? | What is your LinkedIn profile?,https://luma.com/1dk27l6a,https://lu.ma/1dk27l6a,evt-t8ZJyfPI2ApuMFL,7,Networking,0
FETCH_FAILED,Fri 9 Oct,16:00,Yacht Party- Crypto Whales,,,,,,,,,,,,,https://luma.com/66xw2zkq,,,7,Networking,0
OK,Fri 9 Oct,18:00,United Digital Economies - SG Convivium 2026,United Digital Economies - SG Convivium 2026,2026-10-09T10:00:00.000Z,2026-10-09T13:00:00.000Z,Asia/Singapore,Singapore Singapore,YES,,,YES,,,What company do you work for?(*) | What is your LinkedIn profile?(*),https://luma.com/7xebdeja,https://lu.ma/7xebdeja,evt-x7cGCJyum5mjL1i,7,Networking,0
OK,Fri 9 Oct,21:00,Central Command x Blofin,Central Command x Blofin - Chill And Spill,2026-10-09T13:00:00.000Z,2026-10-09T16:00:00.000Z,Asia/Singapore,Singapore Orchard Singapore,YES,,69,YES,,,What is your gender?(*) | What is your age?(*) | What company do you work for? | What are you looking to get out of this event?(*) | What is your X (Twitter) handle? | What is your LinkedIn profile?,https://luma.com/3yda08hi,https://lu.ma/3yda08hi,evt-9q39eoIig4HMQQE,7,Networking,0
OK,Mon 5 Oct,15:00,BORN.LIVE Singapore — Opening Mixer,TOKEN2049 Singapore — Opening Mixer 🇸🇬,2026-10-04T07:00:00.000Z,2026-10-04T10:00:00.000Z,Asia/Singapore,Singapore Chinatown Singapore,YES,,,,,,"What is your Telegram username? | What is your X (Twitter) handle? | What best describes you?(*) | Who would you most like to meet this week?(*) | What company, project or community are you with?",https://luma.com/bae06r0t,https://lu.ma/bae06r0t,evt-F6tYBRLjT5mDEU0,7,Networking,0
OK,Mon 5 Oct,18:30,Skyline Social Singapore,Skyline Social Singapore,2026-10-05T10:30:00.000Z,2026-10-05T14:00:00.000Z,Asia/Singapore,Singapore Downtown Core Singapore,YES,,,YES,,,What company do you work for?(*) | Who invited you?(*),https://luma.com/q22mvxx7,https://lu.ma/q22mvxx7,evt-51wOGjD73WT1a5Q,7,Party/Dinner,
OK,Mon 5 Oct,18:30,The Pre-TOKEN by Integral & EDX,The Pre-TOKEN2049 by Integral & EDX,2026-10-05T10:30:00.000Z,2026-10-05T13:00:00.000Z,Asia/Singapore,Singapore Orchard Singapore,YES,,110,YES,,,Invited by(*) | What company do you work for?(*),https://luma.com/9azk2ahd,https://lu.ma/9azk2ahd,evt-cQn0A0xzpbVb6Kd,7,Networking,0
OK,Mon 5 Oct,20:00,Lights Out. Singapore After Hours,Lights Out. Singapore After Hours,2026-10-05T12:00:00.000Z,2026-10-05T15:00:00.000Z,Asia/Singapore,Singapore Downtown Core Singapore,YES,,50,YES,,,,https://luma.com/t98zcuew,https://lu.ma/t98zcuew,evt-MZWpiAUlsluAl2m,7,Party/Dinner,0
OK,Thu 8 Oct,07:00,Anchorage Digital Demo Day,Anchorage Digital Demo Day @ Token2049,2026-10-08T05:00:00.000Z,2026-10-08T09:00:00.000Z,Asia/Singapore,Singapore Downtown Core Singapore,YES,,,YES,,,For founders applying to pitch - did you submit your project here (https://www.anchorage.com/ventures)? | What company do you work for?(*) | Please enter your work email(*) | Please share the name of the  Anchorage Digital person who invited you(*),https://luma.com/o4rlwh9o?utm_source=miragather.com,https://lu.ma/o4rlwh9o,evt-02Wya6N0R8GTkJy,7,Party/Dinner,0
OK,Thu 8 Oct,14:00,Tezos Cat Lounge,Tezos Cat Lounge,2026-10-08T06:00:00.000Z,2026-10-08T10:00:00.000Z,Asia/Singapore,Singapore Bras Basah Singapore,YES,,,YES,,,What company do you work for?(*) | What is your main objective for this event?(*),https://luma.com/lb9940ln,https://lu.ma/lb9940ln,evt-VI3GmKipwk7ooN4,7,Networking,0
OK,Thu 8 Oct,16:00,Proof Of Liquidity: Singapore Edition by Yield Network,"Proof Of Liquidity: Singapore Edition by Yield Network, INK Chain, RockawayX, and Nexus Mutual",2026-10-08T08:00:00.000Z,2026-10-08T12:00:00.000Z,Asia/Singapore,Singapore Downtown Core Singapore,YES,,2124,YES,,,"What company do you work for?(*) | What is your LinkedIn profile?(*) | What is your Telegram username?(*) | What best describes you?(*) | If anyone invited you, please write the name and project | Terms and Conditions(*)",https://luma.com/4nfjgvmv,https://lu.ma/4nfjgvmv,evt-M5a1cd4vT8C6iTl,7,Party/Dinner,0
OK,Thu 8 Oct,17:00,Presale to TGE: Playbook 2027,Presale to TGE: Playbook 2027,2026-10-08T09:00:00.000Z,2026-10-08T15:30:00.000Z,Asia/Singapore,Singapore Downtown Core Singapore,YES,,,YES,,,What is your X (Twitter) handle?(*) | What is your LinkedIn profile URL? | What is your Telegram username?(*) | Which company or project do you represent?(*) | Which of these best describes your role?(*) | Are you launching a token in the next 12 months?(*),https://luma.com/e0ektbpr,https://lu.ma/e0ektbpr,evt-DxAHG5RyA6TvwN0,7,Party/Dinner,0
OK,Thu 8 Oct,20:30,Vibrez × La Royale | Yacht Opening Night,Vibrez × La Royale | Yacht Opening Night,2026-10-08T12:30:00.000Z,2026-10-08T16:30:00.000Z,Asia/Singapore,Singapore Southern Islands Singapore,YES,,70,YES,,,,https://luma.com/hcd2yrox,https://lu.ma/hcd2yrox,evt-as6YbH1w1F0kNFr,7,Networking,0
OK,Tue 6 Oct,09:00,Cardano Node Diversity Celebration Day,Cardano node diversity celebration day,2026-10-06T01:00:00.000Z,2026-10-06T04:00:00.000Z,Asia/Singapore,,YES,,,YES,,,,https://luma.com/x9dm535u,https://lu.ma/x9dm535u,evt-ZMjeB8opDVUZQjV,7,Workshop/Hackathon,0
OK,Tue 6 Oct,09:03,SH3 Connects Coffee Meetup Singapore Edition,SH3 Connects Coffee Meetup Singapore Edition Token2049 💫,2026-10-06T01:30:00.000Z,2026-10-06T03:00:00.000Z,Asia/Singapore,Singapore Singapore River Singapore,YES,,,YES,,,"What is your role in the Industry?(*) | What is the name of your company/project you represent?(*) | What is your LinkedIn profile?(*) | What is the biggest reason your brand / project does not have enough users yet?(*) | Does your business use crypto for payments? If so, would an automated web3 accounting tool for your bookkeeping be helpful?(*) | Are you based in Singapore?(*) | Are you interested in exploring local payment infrastructure solutions for your business, project or community in Australia, New Zealand or the Pacific?(*) | VIP access: Who personally invited you? | Terms and Conditions(*)",https://luma.com/bbstr33c,https://lu.ma/bbstr33c,evt-1DqZn1IV88ELEgK,7,Networking,0
OK,Tue 6 Oct,18:00,ALPHA AFTER HOURS — Where Traders Meet,ALPHA AFTER HOURS — Where Traders Meet,2026-10-06T10:00:00.000Z,2026-10-06T14:00:00.000Z,Asia/Singapore,Singapore Tanjong Pagar Singapore,YES,,62,YES,,,"Which best describes you? — Trader / Investor / Founder / KOL / Community Leader / Web3 Professional / Other(*) | What do you primarily trade? — Crypto Spot / Crypto Futures / Perp DEX / Stocks / Forex / Options / Not currently trading(*) | Which country are you visiting from?(*) | Will you be attending Alpha After Hours IN PERSON on 6 October, 7–11 PM?(*)",https://luma.com/styfmobh,https://lu.ma/styfmobh,evt-GD4nAGF87kABbU2,7,Networking,
OK,Tue 6 Oct,18:00,DWF Labs Haus - Singapore 2026,DWF Labs Haus: TOKEN2049 Singapore 🇸🇬,2026-10-06T10:00:00.000Z,2026-10-06T14:00:00.000Z,Asia/Singapore,Singapore Central Area Singapore,YES,,,YES,,,"Telegram handle: @ | Company/Project name(*) | Company Website/Blurb(*) | Designation/Title(*) | Job Function(*) | Who are you interested to connect with? | If you are a KOL, please key in your Twitter URL:",https://luma.com/DWFLabsHaus-SG2026,https://lu.ma/DWFLabsHaus-SG2026,evt-8mkOXUCJEsb8Te3,7,Networking,0
OK,Tue 6 Oct,19:00,GameFi Afterburn: Play. Connect. Evolve.,GameFi Afterburn: Play. Connect. Evolve.,2026-10-06T11:00:00.000Z,2026-10-06T18:00:00.000Z,Asia/Singapore,Singapore Singapore,YES,,,YES,,,Followed SPARKY on X? https://x.com/TheSparkyVerse(*) | Joined the SPARKY Telegram Channel? ​https://t.me/SparkyTapGame(*) | Joined the SPARKY Telegram Community Group? https://t.me/SparkyOfficialchat(*) | What is your X (Twitter) handle?(*) | What is your Telegram username?(*),https://luma.com/m0q2uycp,https://lu.ma/m0q2uycp,evt-L0l5uJMTzQQzzZ6,7,Networking,0
OK,Tue 6 Oct,19:00,"MEV Snackdown: Singapore - New Blocks, New Rules","MEV Snackdown: Singapore - New Blocks, New Rules",2026-10-06T11:00:00.000Z,2026-10-06T13:00:00.000Z,Asia/Singapore,Singapore Tiong Bahru Singapore,YES,,62,YES,,,,https://luma.com/tprg0m2g,https://lu.ma/tprg0m2g,evt-lGFJlsUdOWnsEXE,7,Networking,0
OK,Wed 7 Oct,09:00,Padel & Brunch with Bitgo and STS Digital,Padel & Brunch with BitGo and STS Digital,2026-10-07T01:00:00.000Z,2026-10-07T05:00:00.000Z,Asia/Singapore,Singapore Museum Singapore,YES,,14,YES,,,Who referred you to this event?(*) | What company do you represent?(*) | What is your LinkedIn profile? | What is your X (Twitter) handle? | What is your padel skill level?(*),https://luma.com/vwt0rtzg,https://lu.ma/vwt0rtzg,evt-XgXZIuKMToarcC5,7,Networking,0
OK,Wed 7 Oct,11:00,OKX Dev Day,OKX Dev Day 2026,2026-10-07T03:00:00.000Z,2026-10-07T08:00:00.000Z,Asia/Singapore,Singapore Downtown Core Singapore,YES,,,YES,,,"What is your country of residence?(*) | If selected as a finalist, can at least one team member attend the live finale in Singapore on 6 October 2026? Teams that cannot attend are judged remotely and are eligible for the remote awards.(*) | How many people on your team? [4 maximum](*) | What is your team name? If you do not have one yet, enter “TBD”.(*) | Tell us about your team. What is your background?(*) | What do you plan to build? Briefly describe the problem and your solution.(*) | What is your Telegram username? Join our TG group for updates and support [https://bit.ly/okx-dev-day](*) | This event announcement is not an offer or solicitation to buy, sell or hold virtual assets. Virtual assets are subject to extreme market volatility, involve a high degree of risk and can lose value, in part or in full. Investing in virtual assets may lead to you losing your entire investment. They are not insured and lack legal protections. Avoid decisions driven solely by urgency. Access to products is subject to regional regulatory requirements and restrictions.  OKX reserves the right to exclude any participant from participating in this activity and/or cancel this activity without notice. By registering, you confirm that you have read and agree to the OKX Privacy Notice on https://www.okx.com/en-sg/help/privacy-policy-statement and consent to receive electronic communications from OKX, including marketing emails and in-app notifications. You may opt out of these communications at any time.(*)",https://luma.com/l4aq8vii,https://lu.ma/l4aq8vii,evt-oMvET072Sus3KbF,7,Workshop/Hackathon,
OK,Wed 7 Oct,17:00,Xsolla Connect Singapore 2026 - Where Gaming Meets Capital,Xsolla Connect Singapore 2026 - Where Gaming Meets Capital,2026-10-07T09:00:00.000Z,2026-10-07T13:00:00.000Z,Asia/Singapore,Singapore Downtown Core Singapore,YES,YES,0,YES,YES,,"What company do you work for?(*) | Dietary Requirements? | Terms and Conditions(*) | I agree to receive emails from Xsolla about updates, promotions, unique initiatives and more. I understand that I can opt out of these emails whenever I feel like it",https://luma.com/XsollaConnectSingapore2026,https://lu.ma/XsollaConnectSingapore2026,evt-wiBFcaMSpD5dNX3,7,Party/Dinner,0
OK,Wed 7 Oct,19:00,Ault Markets × OnlyBulls Social Singapore,Aultmarkets Singapore Social @ Token2049,2026-10-07T11:00:00.000Z,2026-10-07T14:00:00.000Z,Asia/Singapore,Singapore Downtown Core Singapore,YES,,,,,,Which markets are you active in?(*),https://luma.com/6cdxnhmz,https://lu.ma/6cdxnhmz,evt-W0VqCD6ROGPDDvD,7,Networking,0
OK,Wed 7 Oct,19:00,MINI APPS AFTER DARK 🌙,MINI APPS AFTER DARK 🌙,2026-10-07T11:00:00.000Z,2026-10-07T15:00:00.000Z,Asia/Singapore,Singapore Singapore,YES,,,YES,,,Followed Miniapps.Store on X? https://x.com/miniapps_(*) | Joined the Miniapps.Store Telegram Channel? ​https://t.me/mini_apps_official(*) | Joined the Miniapps.Store Telegram Community Group? https://t.me/mini_apps_comm(*) | What is your X (Twitter) handle?(*) | What is your Telegram username?(*),https://luma.com/ltcvcqpm,https://lu.ma/ltcvcqpm,evt-2ECzpIPuY15BTOL,7,Networking,0
OK,Fri 9 Oct,10:00,DAT Summit - Trackside Edition,DIGITAL ASSET & TOKENIZATION SUMMIT - TRACKSIDE EDITION,2026-10-09T01:00:00.000Z,2026-10-09T09:00:00.000Z,Asia/Singapore,Singapore Downtown Core Singapore,YES,,113,YES,,,"What company do you work for?(*) | What is your job title?(*) | Which best describes you? | What are you looking for? (Select up to 3)(*) | Would you like to explore sponsorship opportunities?(*) | Who were you referred by? | Would you like to speak with our team about maximizing your company's presence during Token2049 through PR, events, activations, and strategic introductions?(*)",https://luma.com/a19msg9w,https://lu.ma/a19msg9w,evt-VgRWddlenvE8IAz,6,Networking,0
OK,Fri 9 Oct,17:30,Super Yacht X F1,Superyacht x F1,2026-10-09T09:30:00.000Z,2026-10-09T14:00:00.000Z,Asia/Singapore,Singapore Southern Islands Singapore,YES,,4,YES,,,"This is a networking event tailored for family offices, UHNWIs and those in the investment ecosystem.  Tell us a bit about yourself (LinkedIn profiles welcome).(*) | Who invited you? (Optional) | I'll abide by the house rules and the crew's instructions on board, and I accept responsibility for any damage caused by me or my guest.(*)",https://luma.com/9mnsjr5r,https://lu.ma/9mnsjr5r,evt-6cJd1z0zX5Bs3zz,6,Networking,0
OK,Fri 9 Oct,19:30,华语之夜 · AI 与 Token 时代的华人出海局,Chinese Night: AI & Token Era for Chinese Founders Going Global,2026-10-09T11:30:00.000Z,2026-10-09T14:00:00.000Z,Asia/Singapore,Singapore Queenstown Singapore,YES,,,YES,,,公司(*) | 职位(*) | 微信号(*),https://luma.com/token2026?utm_source=token2049,https://lu.ma/token2026,evt-6FIAHVDFdfyF14Q,6,Networking,
OK,Mon 5 Oct,18:30,"Digital After Hours: Connecting Digital Assets, Trusts & Institutional Fina","Digital After Hours: Connecting Digital Assets, Trusts & Institutional Finance",2026-10-05T10:30:00.000Z,2026-10-05T13:30:00.000Z,Asia/Singapore,Singapore Central Area Singapore,YES,,64,YES,,,What company do you work for?(*) | Which best describes you / your organization ?(*) | What is your X (Twitter) handle? | What is your LinkedIn profile? | Who Referred You?,https://luma.com/9synguqt,https://lu.ma/9synguqt,evt-RmHYqAJdUKDiymd,6,Networking,0
OK,Mon 5 Oct,19:30,Allocators | Managers | Providers | VIP Dinner (invite only),Allocators | Managers | Providers | VIP Drinks (invite only),2026-10-05T11:30:00.000Z,2026-10-05T14:30:00.000Z,Asia/Singapore,Singapore Outram Singapore,YES,,4,YES,,,"What company do you work for?(*) | Are you an Allocator, Asset Manager or Provider(*) | What is your AUM?(*) | What is your company website?(*) | What is your LinkedIn profile?(*) | Nationality(*) | Country and City of Residence(*) | Any Dietary Requirements? | Terms and Conditions(*) | I already follow or intend to follow MakeBanc on X (https://x.com/makebanc)",https://luma.com/a7awb2po,https://lu.ma/a7awb2po,evt-KkOv2L8bJrWs8vr,6,Networking,0
FETCH_FAILED,Sat 10 Oct,15:00,F1 SG x Crypto VC - Qualifying Day,,,,,,,,,,,,,https://luma.com/48ko0wni,,,6,Networking,0
FETCH_FAILED,Sun 11 Oct,15:00,F1 SG x Crypto VC - Race Day,,,,,,,,,,,,,https://luma.com/ngmqvk2i,,,6,Networking,0
OK,Thu 8 Oct,09:00,Capital Café (for Canton Network participants),Capital Café | A private reception for Canton Network participants,2026-10-08T00:45:00.000Z,2026-10-08T04:00:00.000Z,Asia/Singapore,Singapore Downtown Core Singapore,YES,,,YES,,,Company(*) | Who invited you? (Name + Company)(*) | This is a private event for Canton participants. What is your involvement on Canton Network?(*) | Registrations are subject to approval.(*) | Non-business emails will not be accepted.(*) | Terms and Conditions(*),https://luma.com/pk30gage,https://lu.ma/pk30gage,evt-eGA5tDT8oCoPh1B,6,Networking,0
OK,Thu 8 Oct,10:00,Morning Circle: Mandarin-Speaking Web3 Gathering (Invite-Only),"Morning Circle: A Morning Gathering for the Mandarin-Speaking Web3 Community (Invite-Only), Hosted by Comma3 Ventures",2026-10-08T02:00:00.000Z,2026-10-08T04:00:00.000Z,Asia/Singapore,Singapore Novena Singapore,YES,,15,YES,,,"What company do you work for?(*) | If you received a personal invitation, please provide the name and affiliation of the person who invited you (e.g., Ivan from Comma3 Ventures). If not, please enter ""N/A""(*) | What is your Instagram username? | What is your X (Twitter) handle? | What is your LinkedIn profile? | SUI Wallet Address(*) | Dietary Preferences - Please specify any specific dietary requirements or restrictions(*) | Please follow Comma3 Ventures on X (Twitter) to complete your registration：https://x.com/comma3vc(*) | Terms and Conditions(*)",https://luma.com/u8jbrj02,https://lu.ma/u8jbrj02,evt-dnC3AZ7HVT0DDDL,6,Networking,0
OK,Thu 8 Oct,13:20,"gm AI v2 by 0xJeff, BlockRun, CodecFlow, Dolphin, Kite, OpenServ, Reppo","gm AI v2 by 0xJeff, BlockRun, CodecFlow, Dolphin, Kite, OpenServ, Reppo",2026-10-08T05:20:00.000Z,2026-10-08T09:15:00.000Z,Asia/Singapore,Singapore Singapore River Singapore,YES,,,YES,,,"What is your X (Twitter) handle?(*) | Your Organization Name(*) | What best describes your organization?(*) | What best describes your role at the organization?(*) | Who would you like to connect with at the event?(*) | What are you hoping to achieve at this event?(*) | Would you like to reserve a book, ""The Agents Are Buying"" + Complimentary AI Credits? Pay Now : https://buy.stripe.com/aFa14ogxfbFi34o2VogjC06 | Terms and Conditions(*)",https://luma.com/xkjrrfhe,https://lu.ma/xkjrrfhe,evt-11BWLYcWvu8j97s,6,Networking,
OK,Thu 8 Oct,18:00,Payments & Stables: Padel Session by ZK Stables,Payments & Stables: Padel Session by ZK Stables,2026-10-08T10:00:00.000Z,2026-10-08T12:00:00.000Z,Asia/Singapore,Singapore Downtown Core Singapore,YES,,4,YES,,,Please follow ZK Stables on X https://x.com/zkstables(*) | Please follow ZK Stables on LinkedIn https://www.linkedin.com/company/zkstables/(*) | What company do you work for?(*) | What is your Telegram username?(*),https://luma.com/nnxofhlk,https://lu.ma/zkstablespadel,evt-1KHQjiHklBef7ax,6,Networking,0
OK,Thu 8 Oct,19:00,Sundown Mixer | MST Blockchain Singapore,Sundown Mixer | MST Blockchain x Token2049 Singapore,2026-10-08T11:00:00.000Z,2026-10-08T14:00:00.000Z,Asia/Singapore,Singapore Singapore,YES,,,YES,,,What company do you work for?(*) | Company Website(*) | What is your Telegram username?(*) | What is your X (Twitter) handle?(*) | What is your LinkedIn profile? | What best Describes you ? | Have you followed MST blockchain on X and joined our telegram community? https://x.com/mstblockchain                             https://t.me/mstblockchain(*),https://luma.com/ug1obgwj,https://lu.ma/ug1obgwj,evt-06Ct10WU9ZiLtr9,6,Party/Dinner,0
OK,Tue 6 Oct,11:00,Cross-Border Brunch by Kanga Global,Cross-Border Brunch by Kanga Global,2026-10-06T03:00:00.000Z,2026-10-06T06:00:00.000Z,Asia/Singapore,Singapore Central Area Singapore,YES,,,YES,,,What's your profession?(*) | What company do you work for?(*) | Industry(*) | What is your X (Twitter) handle?(*) | What's your Telegram?(*) | What is your LinkedIn profile?(*) | Website of your company | By registering to Cross-Border Brunch by Kanga Global you consent to your photo to be taken and contact details to be used for marketing and promotional purposes related to the event.(*) | VIP Code,https://luma.com/8z12z1is,https://lu.ma/8z12z1is,evt-2psElPBhbNWp7KC,6,Networking,0
OK,Tue 6 Oct,12:00,BUIDL_QUESTS 2026 Final Day · Rewards & Summit — Autonomous Agents & Sovere,BUIDL_QUESTS 2026 Final Day · Rewards & Summit — Autonomous Agents & Sovereignty,2026-10-06T04:00:00.000Z,2026-10-06T10:00:00.000Z,Asia/Singapore,Singapore Central Area Singapore,YES,,,YES,,,What company do you work for?(*) | What is your Telegram username?(*) | What is your X (Twitter) handle?(*),https://luma.com/y9g4tduu,https://lu.ma/y9g4tduu,evt-vgMkvMtis7lDGiI,6,Conference/Summit,0
OK,Tue 6 Oct,12:00,The Capital Table: ZIG Finance x World Liberty Financial,The Capital Table: ZIG Finance x World Liberty Financial,2026-10-06T04:00:00.000Z,2026-10-06T07:00:00.000Z,Asia/Singapore,Singapore Marina South Singapore,YES,,,YES,,,Telegram Username(*) | Your Company/Project(*),https://luma.com/the-capital-table,https://lu.ma/the-capital-table,evt-rHXtY6fB3jfHz2h,6,Networking,0
OK,Tue 6 Oct,18:00,Above the Bay: Backing the Next Trillion,Above the Bay: Backing the Next Trillion,2026-10-06T10:00:00.000Z,2026-10-06T13:00:00.000Z,Asia/Singapore,Singapore Downtown Core Singapore,YES,YES,0,YES,YES,,What company do you work for?(*) | How did you hear about this event?(*) | Please share your Telegram Handle(*),https://luma.com/sybtczzh,https://lu.ma/sybtczzh,evt-bszCB6TlyD7ZplO,6,Networking,0
OK,Tue 6 Oct,19:00,Founders & Funds: Oktoberfest & Race Week edition!,Founders & Funds: Oktoberfest & Race Week edition!,2026-10-06T11:00:00.000Z,2026-10-06T14:00:00.000Z,Asia/Singapore,"Singapura, Singapore Downtown Core Singapore",YES,,11,YES,,,"If you provided your personal email earlier, please add your work email here for quicker approval | What is the name of your company?(*) | What country are you incorporated in?(*) | How many employees do you have?(*) | What is your company website?(*) | What is your LinkedIn profile?(*) | What was the most recent round of funding you raised? (If not publicly announced yet, we'll keep it private!) (For founders/execs. For investors, place NA)(*) | What challenges are you currently facing/would like to discuss with others? Or, what kinds of people would you like to meet?",https://luma.com/vdpji8t0,https://lu.ma/foundersandfunds_DEEL,evt-1I0nFlOjGHEOkSu,6,Party/Dinner,0
OK,Tue 6 Oct,19:30,Stablecoin Happy Hour - Hosted by Codex and Infinite,"Stablecoin Happy Hour - Hosted by Codex, Infinite & Interlace",2026-10-06T11:30:00.000Z,2026-10-06T14:30:00.000Z,Asia/Singapore,Singapore Tanjong Pagar Singapore,YES,,,YES,,,,https://luma.com/lcv40t0m?tk=EUyksk,https://lu.ma/lcv40t0m,evt-8OBtqWxTbNAz1r8,6,Party/Dinner,0
OK,Tue 6 Oct,20:00,"FLOW STATE — Sui, Capital & the People Building It (Co-hosted by Comma3 Ven","FLOW STATE — Sui, Capital & the People Building It (Co-hosted by Comma3 Ventures & Sui)",2026-10-06T12:00:00.000Z,2026-10-06T14:30:00.000Z,Asia/Singapore,Singapore Central Area Singapore,YES,,412,YES,,,"What company do you work for?(*) | If you received a personal invitation, please provide the name and affiliation of the person who invited you (e.g., Ivan from Comma3 Ventures). If not, please enter ""N/A""(*) | Dietary Preferences - Please specify any specific dietary requirements or restrictions(*) | What is your X (Twitter) handle?(*) | What is your Telegram username?(*) | Please follow Comma3 Ventures on X (Twitter) to complete your registration：https://x.com/comma3vc(*) | Please follow Comma3 Ventures on Instagram to complete your registration：https://www.instagram.com/comma3_ventures/ | Terms and Conditions(*)",https://luma.com/3efqkffc,https://lu.ma/3efqkffc,evt-ZI1qGhusO7mAJFh,6,Party/Dinner,0
OK,Wed 7 Oct,09:00,"Opening Bell - An Institutional Breakfast by Zenith, Kaiko & T-REX","Opening Bell - An Institutional Breakfast by Zenith, Kaiko & T-REX",2026-10-07T01:00:00.000Z,2026-10-07T04:00:00.000Z,Asia/Singapore,Singapore Central Area Singapore,YES,,,YES,,,What company do you work for?(*) | Terms and Conditions(*) | Who invited you? (Name + Company)(*),https://luma.com/ht5jyi8k,https://lu.ma/ht5jyi8k,evt-qAs0mjQhdnlBc6K,6,Networking,0
OK,Wed 7 Oct,11:00,Reserved Access: Private Capital Lunch,Reserved Access: Private Capital Lunch,2026-10-07T03:00:00.000Z,2026-10-07T06:00:00.000Z,Asia/Singapore,Singapore Changi Singapore,YES,YES,0,YES,,,What company do you work for?(*) | [For Security Clearance] Last 4 digits of your Passport / IC(*) | Preference for main course?(*) | Any dietary restrictions or allergies? | Will you require shuttle transport to and from the event?(*) | invited by:(*),https://luma.com/tf6wu22h,https://lu.ma/tf6wu22h,evt-jKMbgzexeP8GiPh,6,Networking,0
OK,Wed 7 Oct,17:00,The Real Yield Happy Hour by HoneyB,The Real Yield Happy Hour by HoneyB,2026-10-07T09:00:00.000Z,2026-10-07T12:00:00.000Z,Asia/Singapore,Singapore Downtown Core Singapore,YES,,110,YES,,,What company do you work for?(*) | Who invited you to this event?(*),https://luma.com/36zdj5a6,https://lu.ma/36zdj5a6,evt-yIpjv4DqDCOeEfE,6,Networking,0
OK,Wed 7 Oct,18:00,Stablecoins Meet Fiat Rails,Stablecoins Meet Fiat Rails,2026-10-07T10:00:00.000Z,2026-10-07T13:00:00.000Z,Asia/Singapore,Singapore Downtown Core Singapore,YES,,157,YES,,,"What company do you work for?(*) | Job Title(*) | Country / Region(*) | What is your LinkedIn profile?(*) | Telegram Handle(*) | Who invited you?(*) | I understand that this event is by invitation only. Due to building security reasons, registrations must be pre-approved by the organisers. Plus-ones and walk-ins will not be admitted. All guests must be registered.(*) | By checking this box, I hereby consent to the co-hosts recording and/or reproducing in written form or on audio or video tape, photographs, or other media (including digital media) my participation in the event, including any quotations or responses to questions I may provide in connection with the event.(*) | I acknowledge and agree that the organizers/co-organizers will collect, use, process and/or disclose my personal information for the purpose of securing my registration and attendance for the event, and consent to the collection, use, processing and/or disclosure of my personal information by the organizers/co-organizers for the purposes of receiving marketing updates relevant to the organisers/co-organisers by email, SMS or Social Channels.(*)",http://luma.com/chhbhldx,https://lu.ma/chhbhldx,evt-G5ZEYn3MFv30EPX,6,Networking,0
OK,Wed 7 Oct,18:30,MONEY MOVES WITH AI,MONEY MOVES WITH AI,2026-10-07T10:30:00.000Z,2026-10-07T14:00:00.000Z,Asia/Singapore,Singapore Marina South Singapore,YES,,,YES,,,Company / Organization｜公司或机构名称(*) | Industry｜所属行业(*) | Country / Region｜所在国家或地区 | Company Website or LinkedIn｜公司官网或 LinkedIn(*) | What would you like to achieve at this event?｜您希望通过本次活动获得什么？ | Referrer / Invited By｜介绍人／邀请人,https://luma.com/txse7fpe,https://lu.ma/txse7fpe,evt-d1RGKYQGL43kY5R,6,Party/Dinner,0
OK,Fri 9 Oct,10:00,AI For Everyone Forum,AI For Everyone Forum,2026-10-09T02:00:00.000Z,2026-10-09T14:00:00.000Z,Asia/Singapore,Singapore Orchard Singapore,YES,,176,,,,"What is your LinkedIn profile?(*) | What is your X (Twitter) handle? | Mobile / What’s App (Please insert country code)(*) | What is your Telegram username? | Nationality (Info used for exclusive invitations to events and will not be shared with any party or for advertising)(*) | Country / Area of Residence (Currently)(*) | City of Residence(*) | If you not living in Singapore, Kindly provide the Country and City below(*) | Company / Institution Name(*) | Company / Institution Website(*) | Job Title / Designation(*) | Occupation [ Choose Others only if you are Freelancer, Retireee, Homemaker or In Transition or Job-Seeking](*) | Occupation - Others [ Which Best Describes You](*) | Working Type [Full Time, Part Time, Ad Hoc](*) | Job Level | Industry | Industry - Others | Sector [ Industry = Banking and Finance including Insurance] | Job Function [Working Professional, Business Owner and Entrepreneur] | Area of Specialisation [ Job Function = Technology] | Qualification Currently Pursuing [Student] | Course of Study [Student] | Year of Graduation [Student] | Have you followed Singapore Blockchain Week on our official social channels?  LinkedIn: https://www.linkedin.com/company/singaporeblockchainweekofficial  l  X: https://x.com/SingaporeBWeek l Telegram:  https://t.me/SingaporeBlockchainWeek(*) | By attending and submitting this registration form, you consent to the collection, use, and disclosure of your personal data by the event organizers and partners for event administration, communications, and related purposes. You also acknowledge that photographs, videos, and recordings may be captured during the event and used for promotional, marketing, and publicity purposes across various media channels. Your personal data will be handled in accordance with the Personal Data Protection Act (PDPA) of Singapore and applicable privacy regulations.(*) | With this registration, you agree to receive event updates, industry insights, newsletters, and marketing communications from the event organizers, sponsors, and ecosystem partners. You may unsubscribe from these communications at any time.(*) | By registering, I agree to the Event Terms & Conditions.(*)",https://luma.com/ak8p4133,https://lu.ma/ak8p4133,evt-UB8bUXBPsTedwPi,5,Party/Dinner,0
OK,Fri 9 Oct,19:00,"Proof Of Liquidity: VIP Dinner by Yield Network, Ink Chain, RockawayX, and","Proof Of Liquidity: VIP Dinner by Yield Network, Ink Chain, RockawayX, and Nexus Mutual",2026-10-09T11:00:00.000Z,2026-10-09T14:00:00.000Z,Asia/Singapore,Singapore Singapore,YES,,,YES,,,"What company do you work for?(*) | What is your LinkedIn profile?(*) | What is your Telegram username?(*) | What best describes you?(*) | If anyone invited you, please write the name and project(*) | Terms and Conditions(*)",https://luma.com/kh3uenfj,https://lu.ma/kh3uenfj,evt-XWRnIE2yY8AFJIF,5,Party/Dinner,0
OK,Mon 5 Oct,10:00,TRADERS WEEK | SINGAPORE 🇸🇬🏆 - Day 1,TRADERS WEEK | SINGAPORE 🇸🇬🏆,2026-10-05T14:00:00.000Z,2026-10-10T02:00:00.000Z,Asia/Singapore,,YES,,,,,,What is your Telegram username?(*) | What is your X (Twitter) handle? | What company do you work for?,https://luma.com/vylnjbnb,https://lu.ma/vylnjbnb,evt-hQSTDXKUwkdHICZ,5,Other,0
OK,Mon 5 Oct,16:30,Atli Station Singapore: Arrive Connected 🇸🇬 | Free 1GB eSIM,Atli Station Singapore: Arrive Connected 🇸🇬 | TOKEN2049 Week,2026-10-05T08:30:00.000Z,2026-10-05T11:30:00.000Z,Asia/Singapore,,YES,,,YES,,,TOKEN2049 Singapore ticket reference (Conference Ticket Holder: required; Standard Travel Registration: enter N/A)(*),https://luma.com/ugjskdv7,https://lu.ma/ugjskdv7,evt-d9OIP043UYmjS1a,5,Other,0
OK,Thu 8 Oct,11:00,Tacnode APEX: The Future of Crypto,Tacnode APEX @ Token2049,2026-10-08T03:00:00.000Z,2026-10-08T09:00:00.000Z,Asia/Singapore,Singapore Downtown Core Singapore,YES,,,YES,,,Company(*) | Role / Title(*) | Company email(*),https://luma.com/vkmasgf9,https://lu.ma/vkmasgf9,evt-4tN2nAWV97hVxQX,5,Networking,0
OK,Thu 8 Oct,17:00,Onchain Finance Connect,Onchain Finance Connect,2026-10-08T09:00:00.000Z,2026-10-08T11:30:00.000Z,Asia/Singapore,Singapore Central Area Singapore,YES,,,YES,,,Company(*) | Company Website(*) | Job Function(*) | Position・Title(*) | Email (Please register with your corporate email address. Applications submitted with personal email addresses may not be approved)(*) | Telegram ID(*),https://luma.com/0wq4vmrt,https://lu.ma/0wq4vmrt,evt-QierwT1tV1bG1AJ,5,Networking,0
OK,Thu 8 Oct,20:00,SINGAPORE TRADING TOURNAMENT,SINGAPORE TRADING TOURNAMENT,2026-09-14T11:00:00.000Z,2026-09-21T11:00:00.000Z,Europe/Prague,,YES,,,,,,,https://luma.com/6qgnmr5b,https://lu.ma/6qgnmr5b,evt-sNn1FfcOhiBAxaD,5,Other,0
OK,Tue 6 Oct,08:30,Blockchain.com: Breakfast Inc.,Blockchain.com: Breakfast Inc.,2026-10-06T00:30:00.000Z,2026-10-06T04:30:00.000Z,Asia/Singapore,Singapore Downtown Core Singapore,YES,,19,YES,,,What project do you cook for? | And the superior breakfast choice is?,https://luma.com/blockc-ld75,https://lu.ma/blockc-ld75,evt-U8GTBMMd55Dqssz,5,Networking,0
OK,Tue 6 Oct,15:30,Onchain at Scale — IBM × Optimism,Onchain at Scale — IBM × Optimism,2026-10-06T07:30:00.000Z,2026-10-06T09:00:00.000Z,Asia/Singapore,Singapore Downtown Core Singapore,YES,,1,YES,,,"What is your Telegram username? | What company do you represent?(*) | Were you invited to this event? If yes, who invited you? | Which best describes you? | What are you working on right now? | I understand this event will be photographed and filmed, and I consent to the use of my image, likeness, and name in IBM and Optimism event and marketing materials.(*)",https://luma.com/r6tsx6hr,https://lu.ma/r6tsx6hr,evt-YUPq5A3ohjPREcv,5,Networking,0
OK,Tue 6 Oct,16:30,Atli Station Singapore: Where Next? 🌏 | Free 1GB eSIM,Atli Station Singapore: Where Next? 🌏 | TOKEN2049 Week,2026-10-06T08:30:00.000Z,2026-10-06T11:30:00.000Z,Asia/Singapore,,YES,,,YES,,,TOKEN2049 Singapore ticket reference (Conference Ticket Holder: required; Standard Travel Registration: enter N/A)(*),https://luma.com/zsx4j5iz,https://lu.ma/zsx4j5iz,evt-l8l4A5NRvNacnGR,5,Other,0
OK,Tue 6 Oct,17:00,Network and Chill,Network & Chill: Good Vibes. No fluff. 💫,2026-10-06T09:00:00.000Z,2026-10-06T12:00:00.000Z,Asia/Singapore,Singapore Central Area Singapore,YES,,,YES,,,"What is your role in the Industry?(*) | Name of company/project you represent?(*) | Please share a link of your Company/Project website(*) | What is your Linkedin or Twitter handle(*) | What is the biggest reason your brand / project does not have enough users yet?(*) | Will you need a web3 security audit in the next 6 months(*) | Does your business currently use a 3rd-party centralized trust layer in your business flow that could be replaced by DLT to improve security and enable growth?(*) | Is your team looking to expand or hire new talent in the next 6 months?(*) | Does your business use crypto for payments? If so, would an automated web3 accounting tool for your bookkeeping be helpful?(*) | Are you based in Singapore?(*) | Are you interested in exploring local payment infrastructure solutions for your business, project or community in Australia, New Zealand or the Pacific?(*) | VIP Access: Who personally invited you? | Terms and Conditions(*)",https://luma.com/e3eezvfe,https://lu.ma/e3eezvfe,evt-ueTNQNNHOJdvWOR,5,Networking,
OK,Fri 9 Oct,14:00,A36: Pickleball + Bites 🏓,Pickleball + Crypto Whales 🐳🏓🇸🇬,2026-10-09T06:00:00.000Z,2026-10-09T10:00:00.000Z,Asia/Singapore,Singapore Tanglin Singapore,YES,,,YES,,,What is your Telegram username?(*) | What best describes you?(*) | What company do you work for? | What are you most interested in?(*) | Interested in partnering with A36 during TOKEN2049 Singapore Week?(*) | Pickleball experience?,https://luma.com/6mv7bwxa,https://lu.ma/6mv7bwxa,evt-Im8g8d6jd7HLA95,4,Sport,0
OK,Mon 5 Oct,09:00,Coffee & Credentials,Coffee & Credentials,2026-10-05T01:00:00.000Z,2026-10-05T03:30:00.000Z,Asia/Singapore,"Complex, Singapore Bras Basah Singapore",YES,,9,YES,,,,https://luma.com/6bv4rjiv,https://lu.ma/6bv4rjiv,evt-E3WtjeLuIe9GJHu,4,Networking,0
OK,Mon 5 Oct,11:00,AI & Web3 Networking Heist,AI & Web3 Networking Heist,2026-10-05T03:00:00.000Z,2026-10-05T05:00:00.000Z,Asia/Singapore,Singapore Central Area Singapore,YES,,,YES,,,Your Company/Project(*) | Your Company/Project Link(*) | What is your LinkedIn profile?(*) | What is your X (Twitter) handle? | What is your Telegram username? | Are you interested in AI or Web3 development services?(*) | Are you interested in KYVO (kyvocrm.com)(*) | Have you followed us on Twitter? (https://x.com/WellcraftedTech)(*) | Have you followed us on Linkedin? (https://www.linkedin.com/company/wellcrafted-technologies)(*),https://luma.com/bg9x3kjw,https://lu.ma/bg9x3kjw,evt-kt7ZI4H2Gn4m4Ql,4,Networking,0
OK,Sat 10 Oct,15:30,The Best Event: The RWA Paddock with Brickken,The Best Event: The RWA Paddock with Brickken,2026-10-10T07:30:00.000Z,2026-10-10T10:30:00.000Z,Asia/Singapore,Singapore Downtown Core Singapore,YES,,,YES,,,"What is your Telegram username?(*) | What is your LinkedIn profile?(*) | What is your X (Twitter) handle? | Where are you primarily based?(*) | What best describes your role?(*) | What company or project are you mainly working with?(*) | What stage is your company or project currently at?(*) | What are you actively looking for from this event?(*) | What interests you about tokenization?(*) | Are you interested in connecting with any of our partners?(*) | What type of event would your company be interested in sponsoring in the future?(*) | Who invited you?(*) | I'm open to connecting with relevant people, partners and services that match my interests, and happy for my details to be shared for this purpose.(*)",https://luma.com/TBE-ThePaddock,https://lu.ma/TBE-ThePaddock,evt-zOTmtsoDHIHRi7N,4,Party/Dinner,0
OK,Thu 8 Oct,07:30,Solana Strider Run & Breakfast,Solana Strider Run & Breakfast,2026-10-07T23:30:00.000Z,2026-10-08T01:30:00.000Z,Asia/Singapore,Singapore Central Area Singapore,YES,YES,0,YES,YES,,,https://luma.com/hn4u80ws,https://lu.ma/hn4u80ws,evt-1vMPCKsGTGq54i7,4,Workshop/Hackathon,0
OK,Thu 8 Oct,10:00,The Loss Prevention Lounge [Day 2],The Loss Prevention Lounge @ TOKEN2049 [Day 2],2026-10-08T02:00:00.000Z,2026-10-08T10:00:00.000Z,Asia/Singapore,Singapore Downtown Core Singapore,YES,,,,,,,https://luma.com/9k9nymg8,https://lu.ma/9k9nymg8,evt-RD5vN7RgDwDP7F8,4,Workshop/Hackathon,
OK,Thu 8 Oct,11:00,DeFi Founders Club: Brunch,DeFi Founders Club: Brunch,2026-10-08T03:00:00.000Z,2026-10-08T06:00:00.000Z,Asia/Singapore,Singapore Chinatown Singapore,YES,,2,YES,,,What's your company?(*) | Are you the founder / CEO / CTO of this company?(*) | Telegram(*) | What is your X (Twitter) handle?(*) | What's the website of your startup?(*),https://luma.com/luxhenmm,https://lu.ma/luxhenmm,evt-r5dWNewO35etCmm,4,Workshop/Hackathon,0
OK,Thu 8 Oct,13:00,When AI Meets BTC,When AI Meets BTC - 2049 Side Event,2026-10-08T05:00:00.000Z,2026-10-08T10:00:00.000Z,Asia/Singapore,,YES,,,,,,Company Name(*) | Industry(*) | Goals For This Event(*) | Please follow us on X: https://x.com/op_catlayer(*),https://luma.com/204926oc,https://lu.ma/204926oc,evt-1euzuQVicyCXCut,4,Other,0
OK,Thu 8 Oct,14:00,Ethereum Ecosystem Summit,Ethereum Ecosystem Summit @Token2049 Singapore,2026-10-08T05:00:00.000Z,2026-10-08T10:00:00.000Z,Asia/Singapore,Singapore Downtown Core Singapore,YES,,,YES,,,Company / Project(*) | Which industry are you in？(*) | Which of the following best describes your primary role in the ecosystem?(*) | Where are you based in(*) | Who invited you?(*) | What's your Telegram? (will be added to TG Channel for Future Updates and Opportunities) | What's your X (Twitter) handle? (connect us @ethereumhkhub) | Stay Connected! I’m following ETH HK Hub on X (Twitter). Link: https://x.com/ethereumhkhub(*) | This is a curated event. Selected attendees will receive a confirmation email.(*),https://luma.com/7q9md4zf,https://lu.ma/7q9md4zf,evt-5HD3kOuVyBzTbY9,4,Conference/Summit,
OK,Tue 6 Oct,07:00,Run the Bay : 5K + Breakfast,Run the Bay: Crypto Whales Edition 🐳🏃🇸🇬,2026-10-05T23:00:00.000Z,2026-10-06T02:00:00.000Z,Asia/Singapore,Singapore Downtown Core Singapore,YES,,,YES,,,What is your Telegram username?(*) | What best describes you?(*) | What company do you work for? | What are you most interested in?(*) | Your pace? | Interested in partnering with A36 during TOKEN2049 Singapore Week?(*),https://luma.com/cja6d4ku,https://lu.ma/cja6d4ku,evt-ENfl3rZ7sGbFj5w,4,Sport,0
OK,Tue 6 Oct,07:00,Tachi Social Run,Tachi Social Run @Token2049,2026-10-05T23:00:00.000Z,2026-10-06T01:00:00.000Z,Asia/Singapore,,YES,,5,YES,,,"Company Name(*) | Designation(*) | Company Website(*) | We have limited slots for the event, please ensure you'd be joining the event once approved(*)",https://luma.com/2rs9r9cj,https://lu.ma/2rs9r9cj,evt-0WANSG42Cl4lzDC,4,Sport,0
OK,Tue 6 Oct,09:00,"Open, hosted by Monad Foundation",Open,2026-10-06T01:00:00.000Z,2026-10-06T09:00:00.000Z,Asia/Singapore,Singapore Singapore River Singapore,NO,,,YES,,,Company / Organization(*) | What is your X (Twitter) handle? | What is your LinkedIn profile? | How did you hear about Open? | What's your primary area of focus? | What is your Telegram handle? | How would you describe your experience with crypto? | How familiar are you with Monad? | What best describes you?(*) | Are you interested in attending technical sessions led by the Category Labs team?,https://luma.com/open-2026,https://lu.ma/open-2026,evt-IGztSDDXceq3tZI,4,Conference/Summit,
OK,Tue 6 Oct,09:00,Web3 Workouts: Calisthenics in Singapore,Web3 Workouts: Calisthenics @ Token2049 Singapore,2026-10-06T01:00:00.000Z,2026-10-06T03:30:00.000Z,Asia/Singapore,Singapore Tanjong Pagar Singapore,YES,,91,YES,,,Name(*) | Company/Project(*) | Telegram Contact(*) | What is your X (Twitter) handle? | What's your familiarity with Calisthenics?,https://luma.com/k3s11wzz,https://lu.ma/k3s11wzz,evt-t6VADPS0jgkxUqX,4,Sport,
OK,Tue 6 Oct,14:00,Ethena Padel & Wellness Singapore,Ethena Padel & Wellness Singapore,2026-10-06T06:00:00.000Z,2026-10-06T12:00:00.000Z,Asia/Singapore,Singapore Tanglin Singapore,YES,,,YES,,,"Telegram username(*) | X (Twitter) handle | Ethena Pay user handle | Would you like to receive future updates and communications about Ethena via email?(*) | By participating in this event, I consent to being photographed and filmed, and I agree that these photos and videos may be shared publicly.(*)",https://luma.com/qim2vicq,https://lu.ma/qim2vicq,evt-esywU88BBY7HfEx,4,Sport,0
OK,Tue 6 Oct,18:00,Cocktails in the SKAI,Cocktails in the SKAI with Canton × Marex,2026-10-06T10:00:00.000Z,2026-10-06T13:00:00.000Z,Asia/Singapore,Singapore Downtown Core Singapore,YES,YES,0,YES,YES,,What company do you work for?(*) | Terms and Conditions(*),https://luma.com/canton-uajs,https://lu.ma/canton-uajs,evt-ahq6EDmyQjCmF3B,4,Networking,0
OK,Wed 7 Oct,06:00,Founders Run and Rave,Founders Run & Rave,2026-10-06T22:00:00.000Z,2026-10-07T00:00:00.000Z,Asia/Singapore,Singapore Downtown Core Singapore,YES,,15,YES,,,Country | What company do you work for?(*) | What is your X (Twitter) handle?(*) | What is your Telegram username?(*) | Did you join waitlist at www.orviq.xyz ??(*),https://luma.com/p1ql2gs7,https://lu.ma/p1ql2gs7,evt-icR0VbRLRvvXJaw,4,Sport,0
OK,Wed 7 Oct,10:00,The Loss Prevention Lounge [Day 1],The Loss Prevention Lounge @ TOKEN2049 [Day 1],2026-10-07T02:00:00.000Z,2026-10-07T10:00:00.000Z,Asia/Singapore,Singapore Downtown Core Singapore,YES,,,,,,,https://luma.com/w8fi4x2j,https://lu.ma/w8fi4x2j,evt-TuPU87cE2mnqddg,4,Workshop/Hackathon,
OK,Wed 7 Oct,12:00,RWA Liquidity Brunch,RWA Liquidity Brunch,2026-10-07T04:00:00.000Z,2026-10-07T07:00:00.000Z,Asia/Singapore,Singapore Downtown Core Singapore,YES,,18,YES,,,Company(*) | Role(*) | Telegram Handle(*) | What is your LinkedIn profile?(*) | Invited By,https://luma.com/siad7fhd,https://lu.ma/siad7fhd,evt-nvvnt9hAOqV8h3t,4,Party/Dinner,0
OK,Wed 7 Oct,13:00,Privacy Summit,Privacy Summit,2026-10-07T05:00:00.000Z,2026-10-07T11:00:00.000Z,Asia/Singapore,Singapore Geylang Singapore,YES,,,YES,,,What company do you work for?,https://luma.com/gbb4thfy,https://lu.ma/gbb4thfy,evt-5SDj8waYYZ3uRkg,4,Conference/Summit,0
OK,Wed 7 Oct,14:00,THOUGHT LEADERS SUMMIT,THOUGHT LEADERS SUMMIT,2026-10-07T06:00:00.000Z,2026-10-07T10:00:00.000Z,Asia/Singapore,Singapore Downtown Core Singapore,YES,,724,YES,,,Which company do you work for?(*) | What is your role?(*) | Who referred you to this event? (Please provide name & company)(*) | Please provide your Email.(*),https://luma.com/h0vfc5sy,https://lu.ma/h0vfc5sy,evt-ROo9vYzQhg7r2yN,4,Workshop/Hackathon,0
OK,Wed 7 Oct,17:00,RWA Beyond the Hype: VIP Private Dinner,RWA Beyond the Hype: VIP Private Dinner,2026-10-07T09:00:00.000Z,2026-10-07T12:00:00.000Z,Asia/Singapore,Singapore Downtown Core Singapore,YES,,162,YES,,,您目前的身份是？｜Which best describes you?(*) | 您所在的公司或项目名称是？｜What is the name of your company or project?(*) | 您目前的职位或角色是？｜What is your current job title or role?(*) | 您目前是否已有 BiFu 账号？｜Do you currently have a BiFu account?(*) | 领英链接，以便我们核实报名信息｜LinkedIn profile? So that we can verify you | 推特账号，以便我们核实报名信息｜X (Twitter) handle? So that we can verify you,https://luma.com/ee7j5olw,https://lu.ma/ee7j5olw,evt-NgqCgutDTgSTqsy,4,Party/Dinner,0
OK,Wed 7 Oct,19:00,Capital x Counsel,Capital x Counsel SG,2026-10-06T11:00:00.000Z,2026-10-06T14:00:00.000Z,Asia/Singapore,Singapore Singapore,YES,,,YES,,,"What company do you work for?(*) | What is your X (Twitter) handle? | What is your LinkedIn profile? | What is your Telegram username? | I'm interested in:(*) | I have followed Gosai Law https://x.com/gosai_law(*) | By registering for this event, I consent to share my contact information with Gosai Law.(*)",https://luma.com/5wqt0ady,https://lu.ma/5wqt0ady,evt-dlxV9pMY7oLdviW,4,Party/Dinner,0
OK,Fri 9 Oct,11:00,Vibrez × La Royale | Dockside Yacht Brunch,Vibrez × La Royale | Dockside Yacht Brunch,2026-10-09T03:00:00.000Z,2026-10-09T08:00:00.000Z,Asia/Singapore,Singapore Southern Islands Singapore,YES,,70,YES,,,,https://luma.com/2sdrck9u,https://lu.ma/2sdrck9u,evt-hrtAgy9RBjVV9wq,3,Party/Dinner,0
OK,Fri 9 Oct,15:00,Formula 1 After Party,Formula 1 After Party,2026-10-09T07:00:00.000Z,2026-10-09T15:00:00.000Z,Asia/Singapore,Singapore Singapore,YES,,900,YES,,,,https://luma.com/golp36tb,https://lu.ma/golp36tb,evt-11UjwIio5yIlJQL,3,Party/Dinner,0
OK,Fri 9 Oct,19:00,🎮 SPARKY: GAME ON!,SPARKY: GAME ON! 🎮,2026-10-09T11:00:00.000Z,2026-10-09T18:00:00.000Z,Asia/Singapore,Singapore Singapore,YES,,,YES,,,Followed SPARKY on X? https://x.com/TheSparkyVerse(*) | Joined the SPARKY Telegram Channel? ​https://t.me/SparkyTapGame(*) | Joined the SPARKY Telegram Community Group? https://t.me/SparkyOfficialchat(*) | What is your X (Twitter) handle?(*) | What is your Telegram username?(*),https://luma.com/rruavcge,https://lu.ma/rruavcge,evt-vN3wLuDbS34nLih,3,Party/Dinner,0
OK,Fri 9 Oct,19:30,VIP Crypto Casino Dinner & Party by Rugbet.gg | Singapore,VIP Crypto Casino Dinner & Party by Rugbet.gg | Singapore,2026-10-08T11:30:00.000Z,2026-10-08T15:30:00.000Z,Asia/Singapore,Singapore Downtown Core Singapore,YES,,,YES,,,"How Would You Describe Yourself?(*) | If a Player, Where Do You Currently Play? (List as many as you want) | Have you played on our site? https://www.rugbet.gg/games/the-ascent?utm_source=luma&utm_campaign=singapore (required for attendance)(*) | Have you followed us on Twitter/X? https://x.com/Pinkie_Rugbet (required for acceptance)(*) | Join our Discord: https://discord.gg/E43GFJbWhv(*) | What is your Telegram username? | What is your X (Twitter) handle?(*) | Did you Provide your Solana Wallet Address for Airdrop Post Event?(*)",https://luma.com/8fsg2m3z,https://lu.ma/8fsg2m3z,evt-YtFINnbNhXzTBam,3,Party/Dinner,0
OK,Mon 5 Oct,18:00,FastX Yacht Party,FastX Yacht Party,2026-10-05T10:00:00.000Z,2026-10-05T14:00:00.000Z,Asia/Singapore,Singapore Southern Islands Singapore,YES,,,YES,,,What company do you work for?(*) | What is your X (Twitter) handle?(*) | What is your Telegram username?(*) | Who were you invited by? (Optional) | Terms and Conditions(*),https://luma.com/3uhh0ixb,https://lu.ma/3uhh0ixb,evt-xqbG0bdiznK8ohR,3,Party/Dinner,0
OK,Sat 10 Oct,10:00,Vibrez × La Royale | Dockside Yacht Day,Vibrez × La Royale | Dockside Yacht Day,2026-10-10T02:00:00.000Z,2026-10-10T06:30:00.000Z,Asia/Singapore,Singapore Southern Islands Singapore,YES,,70,YES,,,,https://luma.com/0yptiek6,https://lu.ma/0yptiek6,evt-hJjSYByavc7mmoZ,3,Party/Dinner,0
OK,Sat 10 Oct,15:00,F1 Watch Party — Singapore 🇸🇬🏎️,F1 Watch Party — Singapore 🇸🇬🏎️,2026-10-10T07:00:00.000Z,2026-10-10T15:30:00.000Z,Asia/Singapore,Singapore Downtown Core Singapore,YES,,,YES,,,,https://luma.com/jxrnlqry,https://lu.ma/jxrnlqry,evt-z7Av1XwAUIE4BG4,3,Party/Dinner,0
OK,Sat 10 Oct,16:15,Vibrez × La Royale | Sprint & Qualifying Watch Party,Vibrez × La Royale | Sprint & Qualifying Watch Party,2026-10-10T08:15:00.000Z,2026-10-10T14:15:00.000Z,Asia/Singapore,Singapore Downtown Core Singapore,YES,,40,YES,,,,https://luma.com/vhdndvhn,https://lu.ma/vhdndvhn,evt-oDCoeJ758lzKijb,3,Party/Dinner,0
OK,Sun 11 Oct,11:00,Vibrez × La Royale | Race Day Yacht Party,Vibrez × La Royale | Race Day Yacht Party,2026-10-11T03:00:00.000Z,2026-10-11T14:00:00.000Z,Asia/Singapore,Singapore Southern Islands Singapore,YES,,70,YES,,,,https://luma.com/gqwqsft8,https://lu.ma/gqwqsft8,evt-UR9SCndJ5J5KLkb,3,Party/Dinner,0
OK,Sun 11 Oct,14:30,F1 Watch Party With Joe,F1 Watch Party With Joe,2026-10-11T06:30:00.000Z,2026-10-11T15:30:00.000Z,Asia/Singapore,Singapore Singapore,YES,,,YES,,,,https://luma.com/zgtinqk2,https://lu.ma/zgtinqk2,evt-6VKAwtDjFMzwrkx,3,Party/Dinner,0
OK,Sun 11 Oct,15:00,F1 Watch Party — Singapore Race Day,F1 Watch Party — Singapore Race Day,2026-10-11T07:00:00.000Z,2026-10-11T15:30:00.000Z,Asia/Singapore,Singapore Downtown Core Singapore,YES,,,YES,,,,https://luma.com/png06ixj,https://lu.ma/png06ixj,evt-8bYL1LTHyZTjOaC,3,Party/Dinner,0
OK,Sun 11 Oct,18:30,Vibrez × La Royale | Singapore Grand Prix Screening,Vibrez × La Royale | Singapore Grand Prix Screening,2026-10-11T10:30:00.000Z,2026-10-11T14:30:00.000Z,Asia/Singapore,Singapore Downtown Core Singapore,YES,,40,YES,,,,https://luma.com/y327jwjd,https://lu.ma/y327jwjd,evt-JrqDBw5ETIo46aV,3,Party/Dinner,0
OK,Thu 8 Oct,11:30,Oktoberfest Presented By Lattica x PredictFolio,Oktoberfest Presented By Lattica x PredictFolio,2026-10-08T03:30:00.000Z,2026-10-08T06:30:00.000Z,Asia/Singapore,Singapore Downtown Core Singapore,YES,,,YES,,,What company do you work for?(*) | Who invited you to our event?(*),https://luma.com/gptr5rfu,https://lu.ma/gptr5rfu,evt-FzUtIRZvUNfkl6t,3,Party/Dinner,0
OK,Thu 8 Oct,19:00,Starknet Private Dinner | Singapore Singapore,Starknet Private Dinner | Singapore,2026-10-08T11:00:00.000Z,2026-10-08T14:00:00.000Z,Asia/Singapore,Singapore Chinatown Singapore,YES,,,YES,,,Invited by [Name](*) | What organization or project do you work for?(*) | Which role do you most closely identify with?(*) | Do you have any dietary requirements or allergies we should be aware of? | Terms and Conditions(*),https://luma.com/starknet-private-dinner,https://lu.ma/starknet-private-dinner,evt-GE7xegumbiS7aBe,3,Party/Dinner,0
OK,Thu 8 Oct,19:30,Coinbase Champions,Coinbase Champions,2026-10-08T11:30:00.000Z,2026-10-08T16:00:00.000Z,Asia/Singapore,Singapore Central Area Singapore,YES,,,YES,,,Estimated Monthly Trading Volume(*) | What do you trade?(*) | Primary Exchange(*) | What is your X (Twitter) handle? | Primary contact at CB (If any) | Are you a Government Official?(*) | Terms and Conditions(*),https://luma.com/coinbasechampions2026,https://lu.ma/coinbasechampions2026,evt-He76CZwGZH9AbPh,3,Party/Dinner,0
OK,Thu 8 Oct,21:00,MOMENTUM,MOMENTUM,2026-10-08T13:00:00.000Z,2026-10-08T18:00:00.000Z,Asia/Singapore,Singapore Bukit Merah Singapore,YES,,138,YES,,,What is your X (Twitter) handle?(*),https://luma.com/t9z9tqd5,https://lu.ma/t9z9tqd5,evt-CPAvoPDAVuchB4S,3,Party/Dinner,0
OK,Tue 6 Oct,13:00,zeroxkyle's Frens Hotpot 2,zeroxkyle's Frens Hotpot 2,2026-10-06T04:30:00.000Z,2026-10-06T07:30:00.000Z,Asia/Singapore,Singapore Outram Singapore,YES,YES,0,YES,YES,,"What's your dietary restrictions?(*) | Name of your company / firm, & role there(*)",https://luma.com/tiud7qqj,https://lu.ma/tiud7qqj,evt-VY3PkTh2LgA1kjc,3,Party/Dinner,0
OK,Tue 6 Oct,15:00,Quants Lab by Quants.Space x POD,Quants Lab by Quants.Space x POD,2026-10-06T07:00:00.000Z,2026-10-06T11:00:00.000Z,Asia/Singapore,Singapore Singapore River Singapore,YES,,,YES,,,"Company name(*) | Website(*) | Telegram username(*) | Which group do you belong to?(*) | Managers:  How are you planning to raise capital over the next 12 months? | Allocators:  What structures are you interested in allocating to?(*) | Once approved to the event, I give my permission to subscribe to Quants.Space https://newsletter.quants.space/(*)",https://luma.com/qhsp0ynh,https://lu.ma/qhsp0ynh,evt-sWf8I8fFHwo76mr,3,Party/Dinner,0
OK,Tue 6 Oct,18:00,Web3 HUNT After Dark!,Web3 HUNT After Dark!,2026-10-06T10:00:00.000Z,2026-10-06T14:00:00.000Z,Asia/Singapore,Singapore Central Area Singapore,YES,,,YES,,,What company do you work for?(*) | What is your X (Twitter) handle?(*) | What is your Telegram username?(*),https://luma.com/f8c63aeq,https://lu.ma/f8c63aeq,evt-vXApYWhd2zXp5N7,3,Party/Dinner,0
OK,Tue 6 Oct,20:00,GP Singapore,Token 2049 x GP Singapore,2026-10-06T12:00:00.000Z,2026-10-11T13:00:00.000Z,Asia/Singapore,Singapore Downtown Core Singapore,NO,,12,YES,,,,https://luma.com/uw828q63?utm_source=miragather.com,https://lu.ma/uw828q63,evt-XmYZu9qMoaw8YxR,3,Party/Dinner,0
OK,Wed 7 Oct,09:00,Compass: Meet & Brunch @ Singapore,Compass for Token2049 Singapore 2026: Companies & Participant List | Meet & Brunch @ Singapore,2026-10-06T23:00:00.000Z,2026-10-08T15:00:00.000Z,Asia/Singapore,Singapore Downtown Core Singapore,YES,,,YES,,,What is your X (Twitter) handle?(*) | What is your Telegram username?(*) | What is your LinkedIn profile? | What company do you work for?(*) | What is your company's website? | What is your wish list of companies you want warm introductions to? (We can help on a priority basis) | Terms and Conditions(*),https://luma.com/sklh6syu,https://lu.ma/sklh6syu,evt-C5Y68vtnTLKCEKD,3,Party/Dinner,0
OK,Wed 7 Oct,09:30,Circle House - Day 1,Circle House @ TOKEN2049 Singapore 🇸🇬,2026-10-07T01:30:00.000Z,2026-10-08T09:00:00.000Z,Asia/Singapore,Singapore Downtown Core Singapore,YES,,,,,,What company do you work for?(*) | Terms and Conditions(*),https://luma.com/circlehouse2026,https://lu.ma/circlehouse2026,evt-UrPmMeM2dR70sNC,3,Other,0
OK,Wed 7 Oct,13:00,Confessions of a Unicorn Founder,"Confessions of a Unicorn Founder (Token2049, 2026)",2026-10-07T11:00:00.000Z,2026-10-07T14:00:00.000Z,Asia/Singapore,Singapore Downtown Core Singapore,YES,,76,YES,,,Company(*) | What describes you best?(*) | Who invited you?(*) | What is your Telegram Handle?,https://luma.com/confessions,https://lu.ma/confessions,evt-bDMnqBnocgXAuri,3,Party/Dinner,0
OK,Wed 7 Oct,17:00,Polymarket Singapore Kick-Off,Polymarket Singapore Kick-Off: Token 2049,2026-10-07T09:00:00.000Z,2026-10-07T14:00:00.000Z,Asia/Singapore,Singapore Downtown Core Singapore,YES,YES,0,YES,YES,,"What company do you work for?(*) | What best describes you?(*) | What are you most interested in discussing?(*) | What is your X (Twitter) handle?(*) | By attending this event and submitting this form, you consent to the collection, use, and disclosure of your personal data and any event photos, videos, or recordings for publicity and related initiatives by Polymarket and other event partners. This is in accordance with the Personal Data Protection Act (PDPA) of Singapore. Your data may be shared with affiliated partners solely for these purposes. We respect your privacy and are committed to protecting your personal data. *(*) | What is your Telegram username?(*) | What is your LinkedIn profile? | Who invited you?",https://luma.com/polymarketsingapore?tk=joJ6lG,https://lu.ma/polymarketsingapore,evt-C4yIcTMlVkY4xxZ,3,Party/Dinner,0
PARSE_FAILED,Wed 7 Oct,18:00,ENTER THE NIGHT,,,,,,,,,,,,,https://luma.com/event/manage/evt-9PfPGCQNN9dvVlc,,,3,Party/Dinner,0
OK,Wed 7 Oct,18:00,Singapore GoClub event by GoMining,Singapore GoClub event by GoMining,2026-10-07T10:00:00.000Z,2026-10-07T15:00:00.000Z,Asia/Singapore,Singapore Singapore River Singapore,YES,,,YES,,,"By submitting this form, I consent to GoMining photographing and/or filming me during the event and using these images for promotional and marketing purposes, including on social media and the GoMining website.(*) | What company do you work for?(*) | Social Profile",https://luma.com/my49z704,https://lu.ma/my49z704,evt-C8tRdqaYPd8Wfbw,3,Party/Dinner,0
OK,Wed 7 Oct,18:00,ZOOMEX TRADERS AFTER PARTY,ZOOMEX TRADERS AFTER PARTY @ TOKEN2049 SINGAPORE,2026-10-07T10:00:00.000Z,2026-10-07T14:00:00.000Z,Asia/Singapore,Singapore Downtown Core Singapore,YES,,,,,,What company do you work for?(*) | Have you used Zoomex before?(*) | Which best describes your role?(*) | How did you hear about this event?(*),https://luma.com/izz3a6xc,https://lu.ma/izz3a6xc,evt-GVynIt5ZJcKjaCG,3,Party/Dinner,0
OK,Wed 7 Oct,19:00,Quantstamp x Common Defense x Hypernative x Lukka | Singapore Sips,Quantstamp x Common Defense x Hypernative x Lukka x Cloudflare | Singapore Sips | TOKEN2049 Singapore,2026-10-07T11:00:00.000Z,2026-10-07T15:00:00.000Z,Asia/Singapore,Singapore Singapore River Singapore,YES,,,YES,,,What company do you work for?(*) | What is your role?(*) | What is your Telegram handle?(*) | Where are you based?(*) | Are you interested in a security audit?(*),https://luma.com/lj8vcxk7,https://lu.ma/lj8vcxk7,evt-eTG3bcFgfGf6th7,3,Party/Dinner,
OK,Wed 7 Oct,19:00,The Next Horizon Soireé | Web3 Meets Electric Mobility 🏍️,The Next Horizon Soireé,2026-10-07T11:00:00.000Z,2026-10-07T16:00:00.000Z,Asia/Singapore,Singapore Downtown Core Singapore,YES,,,YES,,,What company do you work for?(*) | What is your LinkedIn profile?,https://luma.com/ei99pxs8,https://lu.ma/ei99pxs8,evt-hCcc9CqKry8rqtM,3,Party/Dinner,0
OK,Wed 7 Oct,20:00,Retrofuture Soiree by ChangeNOW: Singapore Edition,Retrofuture Soiree by ChangeNOW: Singapore Edition,2026-10-07T12:00:00.000Z,2026-10-07T16:00:00.000Z,Asia/Singapore,Singapore Downtown Core Singapore,YES,,88,YES,,,Who do you know at ChangeNOW?(*) | Favourite thing about ChangeNOW?(*) | What do you want to change NOW?(*) | What company do you work for? | What is your TG handle?(*),https://luma.com/1phznwy6,https://lu.ma/1phznwy6,evt-bOryYZfE4vV8wAz,3,Party/Dinner,
OK,Fri 9 Oct,16:00,Builders Meet 🇸🇬,Builders Meet 🇸🇬,2026-10-08T08:30:00.000Z,2026-10-08T12:00:00.000Z,Asia/Singapore,Singapore Downtown Core Singapore,YES,,,YES,,,What is your Telegram username?(*) | What company do you work for?(*),https://luma.com/svhznq16,https://lu.ma/svhznq16,evt-8AXRSDTxe91T8be,2,Networking,0
OK,Mon 5 Oct,10:00,HyprEarn Perp Traders Mixer,Perp Traders Mixer @Token2049 Singapore,2026-10-08T02:00:00.000Z,2026-10-08T06:00:00.000Z,Asia/Singapore,Singapore Downtown Core Singapore,YES,,,YES,,,What is your Telegram username? | What is your X (Twitter) handle? | What is your LinkedIn profile? | What company do you work for? | Did you follow @HyprEarn on X (Twitter)?(*) | I agree to receive the HyprEarn newsletter and future product updates. | Is your team interested in exploring sponsorship opportunities for this event? (@prakhhaar @dasxri),https://luma.com/lh5uxlii,https://lu.ma/lh5uxlii,evt-9KMWyTIZxdsAuE5,2,Networking,0
OK,Mon 5 Oct,17:00,Allium Happy Hour,Allium Happy Hour,2026-10-05T09:00:00.000Z,2026-10-05T11:30:00.000Z,Asia/Singapore,Singapore Outram Singapore,YES,,50,YES,,,Company / Project(*) | What is your Telegram username?(*) | What is your LinkedIn profile? | Check this box if you'd like a platform trial / Learn more,https://luma.com/allium-HH-token2049,https://lu.ma/allium-HH-token2049,evt-97TURH7tABoXNOY,2,Networking,0
OK,Mon 5 Oct,17:00,Haruko and Kalshi Present: More than a million,Haruko and Kalshi Present: More than a million,2026-10-05T09:00:00.000Z,2026-10-05T13:30:00.000Z,Asia/Singapore,Singapore Downtown Core Singapore,YES,YES,0,YES,YES,,What company do you work for?(*) | What is your LinkedIn profile? | What is your Telegram username?,https://luma.com/zsgdwcee,https://lu.ma/zsgdwcee,evt-lnhEJWt2Bdk0cmW,2,Networking,0
OK,Sat 10 Oct,21:00,[ONLINE] For Those Who Missed: GetBlock Team Insights,[ONLINE] TOKEN2049: GetBlock Team Insights,2026-10-10T13:00:00.000Z,2026-10-10T14:00:00.000Z,Asia/Singapore,,YES,,,,,,Provide your X username:(*) | Provide your Telegram username:(*) | Please give us a follow on X: https://x.com/getblockio(*),https://luma.com/oq4ncz5u,https://lu.ma/oq4ncz5u,evt-HOyb8kS7i2AlBf2,2,Networking,0
OK,Thu 8 Oct,10:00,Beyond the Vaults: Treehouse x Lido (Session 1),Beyond the Vaults at TOKEN2049: Treehouse x Lido (Session 1),2026-10-08T02:00:00.000Z,2026-10-08T04:30:00.000Z,Asia/Singapore,Singapore Changi Singapore,YES,,,YES,,,"What company do you work for?(*) | Last 4 Digits of Passport/IC (For Security Clearance)(*) | Any dietary restrictions? | Will you need transport? (We are organising shuttles to and from the event, tick if needed))(*)",https://luma.com/mtccmiud,https://lu.ma/mtccmiud,evt-8qUHoMKm0ztWf4t,2,Networking,0
OK,Thu 8 Oct,10:30,Midnight Cafe,Midnight Cafe with Midnight @ TOKEN2049 Singapore,2026-10-08T02:30:00.000Z,2026-10-08T09:30:00.000Z,Asia/Singapore,Singapore Downtown Core Singapore,YES,,,,,,,https://luma.com/rvb1kraj,https://lu.ma/rvb1kraj,evt-bGC23AEnuTIp9Ot,2,Networking,0
OK,Thu 8 Oct,11:00,Gibson Dunn x Hex Trust - Where the Market Meets,Gibson Dunn x Hex Trust - Where the Market Meets,2026-10-08T09:00:00.000Z,2026-10-08T11:00:00.000Z,Asia/Singapore,Singapore Downtown Core Singapore,YES,,276,YES,,,"What company do you work for?(*) | Job Title(*) | Country / Region(*) | What is your LinkedIn profile?(*) | Telegram Handle(*) | Who invited you?(*) | I understand that this event is by invitation only. Due to building security reasons, registrations must be pre-approved by the organisers. Plus-ones and walk-ins will not be admitted. All guests must be registered.(*) | By checking this box, I hereby consent to the co-hosts recording and/or reproducing in written form or on audio or video tape, photographs, or other media (including digital media) my participation in the event, including any quotations or responses to questions I may provide in connection with the event.(*) | I acknowledge and agree that the organizers/co-organizers will collect, use, process and/or disclose my personal information for the purpose of securing my registration and attendance for the event, and consent to the collection, use, processing and/or disclosure of my personal information by the organizers/co-organizers for the purposes of receiving marketing updates relevant to the organisers/co-organisers by email, SMS or Social Channels.(*)",https://luma.com/doe6n7iq,https://lu.ma/doe6n7iq,evt-PO5I7AV6nBuFZZ9,2,Networking,0
OK,Thu 8 Oct,11:00,Uncovering Hidden Know-How: HFT Closed-Door Meetup,Uncovering Hidden Know-How: HFT Closed-Door Meetup,2026-10-08T03:00:00.000Z,2026-10-08T06:00:00.000Z,Asia/Singapore,Singapore Downtown Core Singapore,YES,,11,YES,,,"What company do you work for?(*) | Telegram / WhatsApp(*) | What is your primary focus?(*) | What is your team's typical daily trading volume (Crypto + TradFi combined)?(*) | Any specific questions or unpublicized ""know-how"" you would like to discuss during the event? | Invited by (Name&Company)",https://luma.com/2sin1muv,https://lu.ma/2sin1muv,evt-my8Z6xZsAyOA3nH,2,Networking,0
OK,Thu 8 Oct,13:00,Beyond the Vaults: Treehouse x Lido (Session 2),Beyond the Vaults at TOKEN2049: Treehouse x Lido (Session 2),2026-10-08T05:00:00.000Z,2026-10-08T07:30:00.000Z,Asia/Singapore,Singapore Changi Singapore,YES,,,YES,,,"What company do you work for?(*) | Last 4 Digits of Passport/IC (For Security Clearance)(*) | Any dietary restrictions? | Will you need transport? (We are organising shuttles to and from the event, tick if needed))(*)",https://luma.com/ws5i4di2,https://lu.ma/ws5i4di2,evt-Ss5Dckd2OmqS78U,2,Networking,0
OK,Thu 8 Oct,15:00,Pizza Break | Artemis Digital — Day 2,Pizza Break at TOKEN2049 | AT Digital by ATFX Connect — Day 2,2026-10-08T07:00:00.000Z,2026-10-08T10:00:00.000Z,Asia/Singapore,Singapore Central Area Singapore,YES,,52,YES,,,Company Name:(*) | Which part of the Digital Asset Ecosystem best describes your organization?(*) | Referred by: | Telegram:(*),https://luma.com/7h84les3,https://lu.ma/7h84les3,evt-wMdz3bPUyDxEo27,2,Networking,
OK,Thu 8 Oct,17:00,🔥 PowerScale: Crypto × Anime × Social Prediction Market 🔥,🔥 PowerScale: Crypto × Meme x Anime × Social Opinion Market 🔥,2026-10-08T10:00:00.000Z,2026-10-08T13:00:00.000Z,Asia/Singapore,Singapore Singapore,YES,,,,,,What is your Instagram username? | What is your X (Twitter) handle? | Which world are you coming from? | Want to bring your community into this?(*) | What's your strongest take? | Terms and Conditions(*),https://luma.com/dtll2zqx,https://lu.ma/dtll2zqx,evt-tOgGMxgiTXCyzFe,2,Networking,
OK,Thu 8 Oct,19:30,Capital & Credit VIP Dinner,Capital & Credit VIP Dinner,2026-10-08T11:30:00.000Z,2026-10-08T15:00:00.000Z,Asia/Singapore,Singapore Tanglin Singapore,YES,,,YES,,,What company do you work for?(*) | Which team member invited you to the event?(*) | What is your Telegram username?(*) | Terms and Conditions(*),https://luma.com/8utxbh3j,https://lu.ma/8utxbh3j,evt-8rWYcDtqmHj2y4l,2,Party/Dinner,0
OK,Tue 6 Oct,15:00,Sorted Swing — Move. Connect. Have Fun,Sorted Swing — Move. Connect. Have Fun.,2026-10-06T07:00:00.000Z,2026-10-06T08:30:00.000Z,Asia/Singapore,Singapore Central Area Singapore,YES,,3,YES,,,"To preserve the balance of the class, please indicate if you will lead (generally the guy) or follow (generally the lady)? | What company do you work for?(*) | What is your LinkedIn profile?(*) | What is your X (Twitter) handle? | What is your Telegram username?",https://luma.com/n8w8cqyf,https://lu.ma/n8w8cqyf,evt-5Ck7ee33LeAwAqU,2,Networking,0
OK,Tue 6 Oct,16:00,Forgd & DefiLlama Happy Hour,Forgd & DefiLlama Happy Hour,2026-10-06T08:00:00.000Z,2026-10-06T11:00:00.000Z,Asia/Singapore,Singapore Central Area Singapore,YES,,83,YES,,,What company do you work for?(*) | Who invited you?(*),https://luma.com/685mx98g,https://lu.ma/685mx98g,evt-hcz0OuGLtaufrZ0,2,Networking,0
OK,Tue 6 Oct,17:00,CryptoMondays Mena Networking,Crypto Mondays Token2049 Edition,2026-10-06T09:00:00.000Z,2026-10-06T13:30:00.000Z,Asia/Singapore,,YES,,,YES,,,Designation(*) | What is your X (Twitter) handle?(*) | What is your LinkedIn profile?(*) | What is your Telegram username? | What company do you work for?(*) | Company Website(*) | Country ?(*),https://luma.com/g1e3dz13,https://lu.ma/g1e3dz13,evt-9QmiSgV5RJFSx6W,2,Networking,0
OK,Tue 6 Oct,17:00,Kickoff on the Quay | Fordefi x Gauntlet,Kickoff on the Quay | Fordefi x Gauntlet,2026-10-06T09:00:00.000Z,2026-10-06T14:00:00.000Z,Asia/Singapore,Singapore Downtown Core Singapore,YES,,54,YES,,,What company do you work for?(*) | Invited by (Name + Company)(*) | TG Handle,https://luma.com/21mjmo8m,https://lu.ma/21mjmo8m,evt-lA2ioAHylvNokhG,2,Networking,0
OK,Tue 6 Oct,18:00,Classy Options by STS Digital and CMT Digital,Classy Options by STS Digital and CMT Digital,2026-10-06T10:00:00.000Z,2026-10-06T13:00:00.000Z,Asia/Singapore,Singapore Central Area Singapore,YES,,137,YES,,,What company do you work for?(*) | What is your Telegram username?(*),https://luma.com/34kushhq,https://lu.ma/34kushhq,evt-zysPB7hHQEpD52c,2,Networking,0
OK,Tue 6 Oct,18:00,Open Board: Founders & VC's,TOKEN2049 Open Board: Founders & VC's / Singapore,2026-10-06T10:00:00.000Z,2026-10-06T14:00:00.000Z,Asia/Singapore,Singapore Downtown Core Singapore,YES,,,YES,,,Company Name(*) | What Is Your Role in The Company?(*) | Telegram Username(*) | Twitter / X Handle(*) | Website Link(*) | Invited by?(*) | Our partner XPIN gives approved guests a free 7-day eSIM with unlimited mobile data. Want one? Tick the box.,https://luma.com/3ebl12gl,https://lu.ma/3ebl12gl,evt-CZ0L0RAbK7YMYIq,2,Networking,0
OK,Tue 6 Oct,18:00,Web3 Accountant Meet 2026,Web3 Accountant Meet 2026,2026-10-06T10:00:00.000Z,2026-10-06T13:00:00.000Z,Asia/Singapore,Singapore Hougang Singapore,YES,,37,YES,,,What company do you work for?(*) | What's your pickleball level? This is to help me hire facilitators.(*) | Telegram Handle,https://luma.com/2lzwk49p,https://lu.ma/2lzwk49p,evt-YDpQDP2zxMnF1HJ,2,Networking,0
OK,Tue 6 Oct,19:00,The AULT Society,The AULT Society,2026-10-06T11:00:00.000Z,2026-10-06T15:00:00.000Z,Asia/Singapore,Singapore Downtown Core Singapore,YES,,144,YES,,,What company do you work for?(*) | What is your LinkedIn profile?(*) | What is your Telegram username?(*) | Your main industry focus?(*),https://luma.com/AULTSociety,https://lu.ma/AULTSociety,evt-ZfriblasxGSoIbc,2,Networking,0
OK,Tue 6 Oct,19:00,The Blue Party,The Blue Party,2026-10-06T11:00:00.000Z,2026-10-06T14:00:00.000Z,Asia/Singapore,Singapore Central Area Singapore,YES,,101,YES,,,Referral code,https://luma.com/lu1shpjk,https://lu.ma/lu1shpjk,evt-6tXjIx5vEq00XKl,2,Networking,
OK,Tue 6 Oct,20:00,The Room Where It Happens,The Room Where It Happens,2026-10-06T12:00:00.000Z,2026-10-06T16:00:00.000Z,Asia/Singapore,Singapore Tanjong Pagar Singapore,YES,YES,0,YES,YES,,What company do you work for?,https://luma.com/qmd42t6x,https://lu.ma/qmd42t6x,evt-h6LxrsOUMRPwKFE,2,Networking,0
OK,Wed 7 Oct,08:00,Canton & Coffee,Canton & Coffee,2026-10-07T00:00:00.000Z,2026-10-07T03:00:00.000Z,Asia/Singapore,Singapore Downtown Core Singapore,YES,,155,YES,,,What company do you work for?(*) | What country are you based in?(*) | Terms and Conditions(*),https://luma.com/canton-63pr,https://lu.ma/canton-63pr,evt-AkfGaK6VBp3JZfK,2,Networking,0
OK,Wed 7 Oct,10:00,Starknet: Coffee & Beats,Starknet: Coffee & Beats,2026-10-07T02:00:00.000Z,2026-10-07T04:00:00.000Z,Asia/Singapore,Singapore Singapore River Singapore,YES,YES,0,YES,YES,,What organization or project do you work for?(*) | Which role do you most closely identify with?(*) | Terms and Conditions(*),https://luma.com/starknet-coffee-and-beats,https://lu.ma/starknet-coffee-and-beats,evt-3rVUpetDCFOMkW1,2,Networking,0
OK,Wed 7 Oct,11:30,VIP-Only Luncheon,Token2049 VIP-Only Luncheon,2026-10-07T03:30:00.000Z,2026-10-07T06:30:00.000Z,Asia/Singapore,Singapore Downtown Core Singapore,YES,,3,YES,,,What is your LinkedIn profile?(*),https://luma.com/48741c64,https://lu.ma/48741c64,evt-pwT49AgOl5iGs88,2,Networking,0
OK,Wed 7 Oct,12:30,Starknet Clubhouse,Starknet Clubhouse,2026-10-07T04:30:00.000Z,2026-10-07T08:30:00.000Z,Asia/Singapore,Singapore Singapore River Singapore,YES,,,YES,,,Invited by [Name](*) | What organization or project do you work for?(*) | Which role do you most closely identify with?(*) | Terms and Conditions(*),https://luma.com/starknet-clubhouse,https://lu.ma/starknet-clubhouse,evt-4t1SjpOXvVvgcS1,2,Networking,0
OK,Wed 7 Oct,15:00,Pizza Break | Artemis Digital — Day 1,Pizza Break at TOKEN2049 | AT Digital by ATFX Connect — Day 1,2026-10-07T07:00:00.000Z,2026-10-07T10:00:00.000Z,Asia/Singapore,Singapore Central Area Singapore,YES,,49,YES,,,Company Name:(*) | Which part of the Digital Asset Ecosystem best describes your organization?(*) | Referred by: | Telegram:(*),https://luma.com/n5hzhlfl,https://lu.ma/n5hzhlfl,evt-JfYnmqzkLOPbcgB,2,Networking,
OK,Wed 7 Oct,17:00,DCS x OSL Beyond Borders,DCS x OSL Beyond Borders,2026-10-07T09:00:00.000Z,2026-10-07T12:00:00.000Z,Asia/Singapore,Singapore Kampong Glam Singapore,YES,,,YES,,,Company(*) | Company Website(*) | Job Title(*) | Telegram Handle | Invited by who/organization(*),https://luma.com/rm4z8e9j,https://lu.ma/rm4z8e9j,evt-x0OeRiSMOqKPzc3,2,Networking,0
OK,Wed 7 Oct,17:00,Institutions x Whales: VVIP Yatch Party,Institutions & Whales: VVIP Yatch Party,2026-10-07T09:00:00.000Z,2026-10-07T13:00:00.000Z,Asia/Singapore,Singapore Downtown Core Singapore,NO,,,YES,,,What company do you work for?(*) | What is your Telegram username?(*) | What is your X (Twitter) or LinkedIn handle?(*) | Who Invited you? (No Entry Without Invitations)(*) | Co-host w/ us? (tg: t.me/sahilxdev)(*) | Following us on X? (https://x.com/capviseofficial)(*),https://luma.com/6hzrkpab,https://lu.ma/6hzrkpab,evt-ACS40HJk6dztP99,2,Networking,
OK,Wed 7 Oct,17:00,Robot Fight | ARC Night | Race Week,Robot Fight | ARC Night | Race Week,2026-10-07T10:00:00.000Z,2026-10-07T14:00:00.000Z,Asia/Singapore,Singapore Orchard Singapore,NO,,270,,,,"What best describes you?(*) | Please provide your social profile or content channel(s).  (If applicable) | Who referred or invited you? (If none, write N/A.)(*) | Terms and Conditions(*) | Where did you hear about us?",https://luma.com/arcnight_sg2026,https://lu.ma/arcnight_sg2026,evt-BwOJUqwll59WiFc,2,Party/Dinner,0
OK,Wed 7 Oct,17:00,"STS Digital & Derive.xyz - Volatility, Yield & Cocktails",STS Digital & Derive.xyz - It's good to have Options!,2026-10-07T09:00:00.000Z,2026-10-07T13:00:00.000Z,Asia/Singapore,Singapore Downtown Core Singapore,YES,,106,YES,,,"What company do you work for? - (optional) | What is your X (Twitter) handle?(*) | Main wallet used on Derive.xyz - (optional, priority to users) | Who invited you?(*)",https://luma.com/hsbdu11e,https://lu.ma/hsbdu11e,evt-AHgmNHm4k72cVdI,2,Party/Dinner,0
OK,Wed 7 Oct,18:00,OKX Web3 Night : Beyond X,OKX Web3 Night : Beyond X,2026-10-07T10:00:00.000Z,2026-10-07T15:00:00.000Z,Asia/Singapore,Singapore Downtown Core Singapore,YES,,,YES,,,"What company do you work for?(*) | What is your X (Twitter) handle?(*) | What is your Telegram username?(*) | Join our TG group for more updates, hackathons and campaigns from OKX Wallet and X Layer: https://t.me/+GZfEPe5688RjOTc9(*) | This event announcement is not an offer or solicitation to buy, sell or hold virtual assets. Virtual assets are subject to extreme market volatility, involve a high degree of risk and can lose value, in part or in full. Investing in virtual assets may lead to you losing your entire investment. They are not insured and lack legal protections. Avoid decisions driven solely by urgency. Access to products is subject to regional regulatory requirements and restrictions.  OKX reserves the right to exclude any participant from participating in this activity and/or cancel this activity without notice. By registering, you confirm that you have read and agree to the OKX Privacy Notice on https://web3.okx.com/help/okx-web3-ecosystem-privacy-policy and consent to receive electronic communications from OKX, including marketing emails and in-app notifications. You may opt out of these communications at any time.(*)",https://luma.com/anz87dqc,https://lu.ma/anz87dqc,evt-FYVP8Emnz5kDStS,2,Networking,0
OK,Wed 7 Oct,18:00,Quantum Security for Digital Assets,TOKEN2049 Singapore. Quantum Security for Digital Assets with Industry Leaders,2026-10-07T10:00:00.000Z,2026-10-07T13:00:00.000Z,Asia/Singapore,Singapore Downtown Core Singapore,YES,,,YES,,,What is your X (Twitter) handle?(*) | What is your LinkedIn profile?(*) | What company do you work for?(*),https://luma.com/t7pr9d8o,https://lu.ma/t7pr9d8o,evt-yVvzhRKJfiM98cK,2,Networking,
OK,Wed 7 Oct,18:30,Beyond the Hype: Building What Lasts,2026 Token2049 Afterparty｜Beyond the Hype: Building What Lasts,2026-10-07T10:30:00.000Z,2026-10-07T13:00:00.000Z,Asia/Singapore,Singapore Central Area Singapore,NO,,24,YES,,,What company do you work for?(*) | What is your LinkedIn profile?(*),https://luma.com/2026token2049,https://lu.ma/2026token2049,evt-akDCfULmtdYHvAh,2,Networking,0
OK,Wed 7 Oct,18:30,Night By The Pool,Night By The Pool @TOKEN2049 Singapore,2026-10-07T10:30:00.000Z,2026-10-07T13:30:00.000Z,Asia/Singapore,,YES,,,YES,,,What company do you work for?(*) | Invited by(*) | Contact Number (WhatsApp / Telegram)(*) | I'd like to receive marketing communications from Sumsub at the e-mail address provided.,https://luma.com/aly3y0hz,https://lu.ma/aly3y0hz,evt-GiGOeDm9GCD7C5u,2,Networking,0
OK,Mon 5 Oct,18:30,0G Dev Day VIP Reception Dinner,0G Dev Day VIP Reception Dinner,2026-10-05T10:30:00.000Z,2026-10-05T14:00:00.000Z,Asia/Singapore,Singapore Central Area Singapore,YES,,,YES,,,Are you a 0G Dev Day Sponsor? Please list which sponsor below.(*) | Who invited you?(*),https://luma.com/0g-VIP-reception,https://lu.ma/0g-VIP-reception,evt-Ht5O615EPEuGfpz,1,Party/Dinner,0
OK,Thu 8 Oct,11:00,The Onchain Mixer,The Onchain Mixer @ Token2049,2026-10-08T03:00:00.000Z,2026-10-08T06:00:00.000Z,Asia/Singapore,Singapore Central Area Singapore,YES,,29,YES,,,Which company or organization are you affiliated with?(*) | What is your X (Twitter) handle?(*) | What is your Telegram username?(*),https://luma.com/oknedt0y,https://lu.ma/oknedt0y,evt-R7GFZvPp1hBFGXr,1,Party/Dinner,0
OK,Tue 6 Oct,18:00,Robinhood Chain Community Kick-Off x Nouns ⌐◨-◨,Robinhood Chain Community Kick-Off @ Token2049 x Nouns ⌐◨-◨,2026-10-06T10:00:00.000Z,2026-10-06T14:00:00.000Z,Asia/Singapore,Singapore Downtown Core Singapore,YES,,,YES,,,What company do you work for?(*) | What best describes your role?(*) | What's your website?(*) | What is your Telegram username?(*) | What is your X (Twitter) handle? | Who connected you to this event? | What are you building on Robinhood Chain? | Let us help you - What are you looking for at this event?,https://luma.com/callrd97,https://lu.ma/callrd97,evt-r5Dp98TPJSfGwmx,1,Party/Dinner,0
OK,Tue 6 Oct,19:30,Blockchain.com: The Restaurant at the End of the Conference,Blockchain.com: The Restaurant at the End of the Conference,2026-10-06T11:30:00.000Z,2026-10-06T14:30:00.000Z,Asia/Singapore,,YES,,2,YES,,,"Who's your host? | What is the answer to the ultimate question of life, the universe and everything?",https://luma.com/blockc-rkje,https://lu.ma/blockc-rkje,evt-d7FRLO6lxUm80LM,1,Party/Dinner,0
OK,Wed 7 Oct,19:00,Cross-Chain Networking Happy Hour,Cross-Chain Networking Happy Hour During Token2049,2026-10-07T11:00:00.000Z,2026-10-07T15:00:00.000Z,Asia/Singapore,Singapore Downtown Core Singapore,YES,,,YES,,,Company website(*) | Work email(*) | Best describes you(*) | Role(*) | Telegram handle(*) | Follow our telegram channel for news and updates? https://t.me/nexchange1 | Terms and Conditions(*),https://luma.com/2mg13vuz,https://lu.ma/2mg13vuz,evt-2TMi8q09wS0tylc,1,Party/Dinner,0
OK,Wed 7 Oct,19:00,MST Blockchain - Offchain Hours | Consensus & Cocktails🍸,MST Blockchain - Offchain Hours | Consensus & Cocktails🍸,2026-10-07T11:00:00.000Z,2026-10-07T14:00:00.000Z,Asia/Singapore,Singapore Singapore,YES,,,YES,,,What company do you work for?(*) | Company Website(*) | What is your Telegram username?(*) | What is your X (Twitter) handle?(*) | What is your LinkedIn profile? | What best describes you ? | Have you followed MST blockchain on X and joined our telegram community? https://x.com/mstblockchain                             https://t.me/mstblockchain(*),https://luma.com/9v0sxsnz,https://lu.ma/9v0sxsnz,evt-Z4BIZMS8HlUoSAT,1,Party/Dinner,0
OK,Thu 8 Oct,16:00,Upside Presents: Carve Your Niche in Time,Upside Presents: Carve Your Niche in Time,2026-10-08T08:00:00.000Z,2026-10-08T10:00:00.000Z,Asia/Singapore,Singapore Downtown Core Singapore,YES,,7,YES,,,What company do you work for? | Are you someone who appreciates Swiss high watchmaking?(*),https://luma.com/c52iymty,https://lu.ma/c52iymty,evt-mqErgmDBapeJzE0,0,Other,0
OK,Wed 7 Oct,07:30,BTCC Traders Club - Day 1,BTCC Traders Club @ TOKEN2049,2026-10-06T23:30:00.000Z,2026-10-08T11:00:00.000Z,Asia/Singapore,Singapore Downtown Core Singapore,YES,,,,,,,https://luma.com/x6q6vmm9,https://lu.ma/x6q6vmm9,evt-G5rhLHBc0R1dAz8,0,Other,0
OK,Sat 10 Oct,18:00,Padel Hangout by Arc Trading,Padel Hangout by Arc Trading,2026-10-10T10:00:00.000Z,2026-10-10T14:00:00.000Z,Asia/Singapore,Singapore Bukit Merah Singapore,YES,,,YES,,,What's your Telegram handle?(*) | Your X account(*) | Company name(*) | Industry?(*) | Your padel level | I confirm that I follow @arctrading_io on X(*) | Who referred you? (name or @telegram) | Interested in co-hosting? Last spots to get your brand in the room. Check the box and we'll reach out with the options.,https://luma.com/nt0j0ptg,https://lu.ma/nt0j0ptg,evt-uKCyGpiXGyLETQz,-1,Sport,0
OK,Wed 7 Oct,07:00,Sui Run Club | The Human Layer IRL 3K.5K.7K,Sui Run Club | The Human Layer IRL 3K.5K.7K,2026-10-06T23:00:00.000Z,2026-10-07T00:45:00.000Z,Asia/Singapore,Singapore Downtown Core Singapore,YES,,50,YES,,,X (Twitter) kullanıcı adınız nedir?(*) | Slush wallet sui | https://x.com/suirunclub?s=11 “Follow our account.”(*),https://luma.com/xns9yc4w,https://lu.ma/xns9yc4w,evt-AvqfDunrzHUgXu7,-1,Sport,0
OK,Wed 7 Oct,18:30,Hot Girl Jog & Trek + Drinks & Bites: For women in crypto/finance/tech/web3,"Hot Girl Jog & Trek + Dinner & Drinks: TOKEN2049 Edition - For women in crypto, finance, tech & Web3.",2026-10-07T10:30:00.000Z,2026-10-07T13:30:00.000Z,Asia/Singapore,Singapore Outram Singapore,YES,,11,YES,,,"I am a woman 💖 (this event is for women only)(*) | Which age group are you in?(*) | What company do you work for?(*) | What is your LinkedIn profile?(*) | What is your Telegram username? (We will add you into our community channel where we will share more info before the event, as well as photos & videos from the event.)(*) | What is your Instagram username? (As this is a women-only community, we use Instagram to help verify sign-ups and stay in touch. Thank you for helping us keep this space intentional 💗) * | What are you hoping to find or experience through Hangouts With Her?(*) | Tell us a little about yourself & what would you bring to the Hangouts With Her community?(*) | Where did you hear about this event?(*) | Terms and Conditions(*)",https://luma.com/as504pew,https://lu.ma/as504pew,evt-ugG45AgUzqewke5,-1,Sport,
OK,Fri 9 Oct,10:00,The Best Event: F1 Practice with Fasset,TBE: Fasset Reserve - Singapore,2026-10-09T08:00:00.000Z,2026-10-09T11:00:00.000Z,Asia/Singapore,Singapore Downtown Core Singapore,YES,,,YES,,,"What is your Telegram username?(*) | What is your LinkedIn profile?(*) | What is your X (Twitter) handle? | What best describes your role?(*) | What company or project are you mainly working with?(*) | What stage is your company or project currently at?(*) | Where are you primarily based?(*) | What are you actively looking for from this event?(*) | Are you interested in connecting with any of our partners?(*) | What type of event would your company be interested in sponsoring in the future?(*) | Who invited you to the event?(*) | I'm open to connecting with relevant people, partners and services that match my interests, and happy for my details to be shared for this purpose.",https://luma.com/TBE-F1Practice,https://lu.ma/TBE-Fasset-Reserve,evt-a7re4JlCIIYFlwG,-2,Party/Dinner,0
OK,Fri 9 Oct,11:00,The Best Event: Above the Skyline,The Best Event: Above the Skyline,2026-10-09T03:00:00.000Z,2026-10-09T06:00:00.000Z,Asia/Singapore,Singapore Downtown Core Singapore,YES,,,YES,,,"What is your Telegram username?(*) | What is your LinkedIn profile?(*) | What is your X (Twitter) handle? | What best describes your role?(*) | What company or project are you mainly working with?(*) | What stage is your company or project currently at?(*) | Where are you primarily based?(*) | What are you actively looking for from this event?(*) | Are you interested in connecting with any of our partners?(*) | What type of event would your company be interested in sponsoring in the future?(*) | I'm open to connecting with relevant people, partners and services that match my interests, and happy for my details to be shared for this purpose.(*)",https://luma.com/TBE-Skyline,https://lu.ma/TBE-Skyline,evt-jcfQgxTi4CRE5uH,-2,Party/Dinner,0
OK,Fri 9 Oct,20:00,The Best Event: F1 Sprint Qualifying with ASI,The Best Event: F1 Sprint Qualifying with ASI,2026-10-09T12:00:00.000Z,2026-10-09T15:00:00.000Z,Asia/Singapore,Singapore Downtown Core Singapore,YES,,,YES,,,"What is your Telegram username?(*) | What is your LinkedIn profile?(*) | What is your X (Twitter) handle? | What best describes your role?(*) | What company or project are you mainly working with?(*) | What stage is your company or project currently at?(*) | Where are you primarily based?(*) | What are you actively looking for from this event?(*) | Are you interested in connecting with any of our partners?(*) | What type of event would your company be interested in sponsoring in the future?(*) | I'm open to connecting with relevant people, partners and services that match my interests, and happy for my details to be shared for this purpose.(*)",https://luma.com/TBE-F1SprintQual,https://lu.ma/TBE-F1SprintQual,evt-HsTVU3efBQPMtEz,-2,Party/Dinner,0
OK,Mon 5 Oct,17:00,🚤 Web3 Founders & Builders Boat Party🇸🇬,🚤 Web3 Founders & Builders Boat Party - TOKEN2049🇸🇬,2026-10-05T09:00:00.000Z,2026-10-05T13:00:00.000Z,Asia/Singapore,Singapore Singapore,YES,,,YES,,,What is your X (Twitter) handle?(*) | What is your LinkedIn profile?(*) | What is your Telegram username?(*) | What company do you work for?(*) | Where are you from?(*) | How old are you? (This is only needed to help us arrange drinks)(*),https://luma.com/zn7y3boz,https://lu.ma/zn7y3boz,evt-mpuoHZfEeAywllH,-2,Party/Dinner,0
OK,Mon 5 Oct,18:00,The Best Event: Afterdark,The Best Event: AFTERDARK,2026-10-05T10:00:00.000Z,2026-10-05T18:00:00.000Z,Asia/Singapore,Singapore,YES,,2801,,,,"What is your Telegram username?(*) | What is your LinkedIn profile?(*) | What is your X (Twitter) handle? | What best describes your role?(*) | What company or project are you mainly working with?(*) | What stage is your company or project currently at?(*) | What best describes your company’s core money-movement need?(*) | Where are you primarily based?(*) | What are you actively looking for from this event?(*) | Are you interested in connecting with any of our partners?(*) | I'm open to connecting with relevant people, partners and services that match my interests, and happy for my details to be shared for this purpose.(*)",https://luma.com/tbe-afterdark,https://lu.ma/tbe-afterdark,evt-vgZVG0zy0Vpc3Kg,-2,Party/Dinner,0
OK,Sat 10 Oct,09:30,The Lion City Michelin Food Race 2026 - Reg Interest,The Lion City Michelin Food Race 2026 - 10 Oct Register Interest,2026-10-10T01:30:00.000Z,2026-10-10T04:30:00.000Z,Asia/Singapore,Singapore Central Area Singapore,YES,,,YES,,,,https://luma.com/michelinfoodrace1010,https://lu.ma/michelinfoodrace1010,evt-Bl0lcVK4HyVRpPO,-2,Party/Dinner,
OK,Sat 10 Oct,11:00,The Best Event: Elevation,The Penthouse: Trackside,2026-10-10T03:00:00.000Z,2026-10-10T06:00:00.000Z,Asia/Singapore,Singapore Downtown Core Singapore,YES,,,YES,,,"What is your Telegram username?(*) | What is your LinkedIn profile?(*) | What is your X (Twitter) handle? | What best describes your role?(*) | What company or project are you mainly working with?(*) | What stage is your company or project currently at?(*) | Where are you primarily based?(*) | What are you actively looking for from this event?(*) | Are you interested in connecting with any of our partners?(*) | What type of event would your company be interested in sponsoring in the future?(*) | I'm open to connecting with relevant people, partners and services that match my interests, and happy for my details to be shared for this purpose.(*)",https://luma.com/TBE-Elevation,https://lu.ma/TBE-Elevation,evt-V2wAPVrZxjmABYR,-2,Party/Dinner,0
FETCH_FAILED,Sat 10 Oct,19:00,Crypto Syndicate Party,,,,,,,,,,,,,https://luma.com/pohccu99,,,-2,Party/Dinner,0
OK,Sat 10 Oct,20:00,The Invite,The Invite,2026-10-10T12:00:00.000Z,2026-10-10T15:00:00.000Z,Asia/Singapore,Singapore Downtown Core Singapore,YES,,,YES,,,"What is your Telegram username?(*) | What is your LinkedIn profile?(*) | What is your X (Twitter) handle? | What best describes your role?(*) | What company or project are you mainly working with?(*) | What stage is your company or project currently at?(*) | What are you actively looking for from this event?(*) | Where are you primarily based?(*) | Are you interested in connecting with any of our partners?(*) | What type of event would your company be interested in sponsoring in the future?(*) | I'm open to connecting with relevant people, partners and services that match my interests, and happy for my details to be shared for this purpose.(*)",https://luma.com/tbe-zoth-f1,https://lu.ma/tbe-zoth-f1,evt-fQ4gpwBaPC3et6C,-2,Party/Dinner,0
OK,Sun 11 Oct,09:30,The Lion City Michelin Food Race 2026 11 Oct - Register Interest,The Lion City Michelin Food Race 2026 - 11 Oct Register Interest,2026-10-11T01:30:00.000Z,2026-10-11T04:30:00.000Z,Asia/Singapore,Singapore Central Area Singapore,YES,,,YES,,,,https://luma.com/michelinfoodrace1011,https://lu.ma/michelinfoodrace1011,evt-Pg8QXaeCl1FhI4f,-2,Party/Dinner,
OK,Sun 11 Oct,12:00,The Best Event: The Pinnacle,The Best Event: The Pinnacle,2026-10-11T04:00:00.000Z,2026-10-11T07:00:00.000Z,Asia/Singapore,Singapore Downtown Core Singapore,YES,,,YES,,,"What is your Telegram username?(*) | What is your LinkedIn profile?(*) | What is your X (Twitter) handle? | What best describes your role?(*) | What company or project are you mainly working with?(*) | What stage is your company or project currently at?(*) | Where are you primarily based?(*) | What are you actively looking for from this event?(*) | Are you interested in connecting with any of our partners?(*) | What type of event would your company be interested in sponsoring in the future?(*) | I'm open to connecting with relevant people, partners and services that match my interests, and happy for my details to be shared for this purpose.(*)",https://luma.com/TBE-ThePinnacle,https://lu.ma/TBE-ThePinnacle,evt-EIwGJtiTReS3iJM,-2,Party/Dinner,0
OK,Sun 11 Oct,18:00,The Best Event: Grand Prix Trackside Penthouse Viewing,The Best Event: Grand Prix Trackside Penthouse Viewing,2026-10-11T10:00:00.000Z,2026-10-11T15:00:00.000Z,Asia/Singapore,Singapore Downtown Core Singapore,NO,,,YES,,,"What is your Telegram username? | What is your LinkedIn profile?(*) | What is your X (Twitter) handle? | What best describes your role?(*) | What company or project are you mainly working with?(*) | Where are you primarily based?(*) | Are you interested in connecting with any of our partners?(*) | I'm open to connecting with relevant people, partners and services that match my interests, and happy for my details to be shared for this purpose.(*)",https://luma.com/TBE-F1Race,https://lu.ma/TBE-F1Race,evt-MJg2fW5dyLR3mcT,-2,Party/Dinner,0
OK,Thu 8 Oct,15:30,The Best Event: New Heights,The Best Event: New Heights,2026-10-08T07:30:00.000Z,2026-10-08T10:30:00.000Z,Asia/Singapore,Singapore Downtown Core Singapore,YES,,,YES,,,"What is your Telegram username?(*) | What is your LinkedIn profile?(*) | What is your X (Twitter) handle? | What best describes your role?(*) | What company or project are you mainly working with?(*) | What stage is your company or project currently at?(*) | Where are you primarily based?(*) | What are you actively looking for from this event?(*) | Are you interested in connecting with any of our partners?(*) | What type of event would your company be interested in sponsoring in the future?(*) | I'm open to connecting with relevant people, partners and services that match my interests, and happy for my details to be shared for this purpose.(*)",https://luma.com/TBE-NewHeights,https://lu.ma/TBE-NewHeights,evt-Kuu2Wl6zMVNuBDf,-2,Party/Dinner,0
OK,Thu 8 Oct,18:00,"VIP Mixer, hosted by Exodus, Meow, Unlimit and Banxa","TOKEN2049 VIP Mixer, hosted by Exodus, Meow, Unlimit and Banxa",2026-10-08T10:00:00.000Z,2026-10-08T13:00:00.000Z,Asia/Singapore,Singapore Singapore River Singapore,YES,,,YES,,,What company do you work for?(*) | What is your LinkedIn profile?(*) | What is your Telegram username?(*) | What is your company website?(*) | What describes you best?(*) | Who invited you and from which team?(*) | Terms and Conditions(*),https://luma.com/4zjlx5m6,https://lu.ma/4zjlx5m6,evt-bOMXGgozqRSjbRM,-2,Party/Dinner,0
OK,Thu 8 Oct,18:30,The Garden Room,The Garden Room,2026-10-08T10:30:00.000Z,2026-10-08T14:30:00.000Z,Asia/Singapore,Singapore Marina South Singapore,YES,,852,YES,,,"What is your LinkedIn profile?(*) | What is your Telegram username?(*) | What company do you work for?(*) | Your main industry focus?(*) | I would like to receive marketing communications and advertisements regarding Paybis products, services and events in accordance with Paybis Privacy Policy ( https://paybis.com/uk/policies/privacy/ ). I can unsubscribe at any later time. *(*)",https://luma.com/TheGardenRoom,https://lu.ma/TheGardenRoom,evt-SnRFyd6NvtVz46a,-2,Party/Dinner,
OK,Thu 8 Oct,19:00,BTCC THE ROOFTOP AFTERS,BTCC THE ROOFTOP AFTERS - TOKEN2049 Side Event,2026-10-08T11:00:00.000Z,2026-10-08T15:00:00.000Z,Asia/Singapore,Singapore Chinatown Singapore,YES,,710,YES,,,Company(*) | Company Email(*) | What is your X (Twitter) handle?(*) | What is your Telegram username?(*) | Who invited you?(*) | What best describes your role?(*) | What is your primary market / region?(*) | What would you be most interested in exploring with BTCC?(*) | Would you like the BTCC team to follow up with you after the event?(*),https://luma.com/tifs8vsq,https://lu.ma/tifs8vsq,evt-QzIriVwBkweKaew,-2,Party/Dinner,
OK,Thu 8 Oct,20:00,The Best Event: The Zenith with Kredete,The Best Event: Above the Rails with Kredete,2026-10-08T12:00:00.000Z,2026-10-08T15:00:00.000Z,Asia/Singapore,Singapore Downtown Core Singapore,YES,,,YES,,,"What is your Telegram username?(*) | What is your LinkedIn profile?(*) | What is your X (Twitter) handle? | What best describes your role?(*) | What company or project are you mainly working with?(*) | What best describes your company?(*) | What stage is your company or project currently at?(*) | Where are you primarily based?(*) | Does your company move money across borders?(*) | Roughly how much do you move cross-border per month? | Which corridors or currencies? | How do you handle money transfers today? | What are you actively looking for from this event?(*) | Are you interested in connecting with any of our partners?(*) | What type of event would your company be interested in sponsoring in the future?(*) | I'm open to connecting with relevant people, partners and services that match my interests, and happy for my details to be shared for this purpose.(*)",https://luma.com/TBE-TheZenith,https://lu.ma/TBE-TheZenith,evt-Tjs4Yd1WdNd2mGA,-2,Party/Dinner,0
OK,Thu 8 Oct,20:00,The Vol Table,The Vol Table | Dinner,2026-10-08T12:00:00.000Z,2026-10-08T14:00:00.000Z,Asia/Singapore,,YES,,,YES,,,What company do you work for?(*) | What is your LinkedIn profile?(*) | What is your X (Twitter) handle?(*) | What is your Telegram username?(*) | Tell us a little about your interest in crypto option markets?(*),https://luma.com/dfh7utyk,https://lu.ma/dfh7utyk,evt-FZcRjue7jwJVpTl,-2,Party/Dinner,0
OK,Thu 8 Oct,21:00,Above the Rails,Above the Rails,2026-10-08T13:00:00.000Z,2026-10-08T18:00:00.000Z,Asia/Singapore,Singapore Singapore,YES,,7,YES,,,Your Linkedin profile(*) | What company do you work for?(*) | What services is your company interested in? Please note that your answer will not affect your approval(*),https://luma.com/g8sfrbom,https://lu.ma/g8sfrbom,evt-Mexd5i7iaGZHgnI,-2,Party/Dinner,
OK,Tue 6 Oct,14:00,The Vantage,The Vantage,2026-10-06T12:00:00.000Z,2026-10-06T15:00:00.000Z,Asia/Singapore,Singapore Downtown Core Singapore,YES,,,YES,,,"What is your Telegram username?(*) | What is your LinkedIn profile?(*) | What is your X (Twitter) handle? | What best describes your role?(*) | What company or project are you mainly working with?(*) | What stage is your company or project currently at?(*) | Where are you primarily based?(*) | What are you actively looking for from this event?(*) | Are you interested in connecting with any of our partners?(*) | What type of event would your company be interested in sponsoring in the future?(*) | I'm open to connecting with relevant people, partners and services that match my interests, and happy for my details to be shared for this purpose.(*)",https://luma.com/TBE-TheVantage,https://lu.ma/TBE-TheVantage,evt-mpaLtnu1nhpG6nY,-2,Party/Dinner,0
OK,Tue 6 Oct,18:00,"Trading & Cocktails with WhiteBIT, Bequant, BSO","Trading & Cocktails with WhiteBIT, Bequant, BSO",2026-10-06T10:00:00.000Z,2026-10-06T14:00:00.000Z,Asia/Singapore,Singapore Downtown Core Singapore,YES,,,YES,,,Full name(*) | Company(*) | Your job title(*) | Telegram(*) | Which best describes your role?(*),https://luma.com/eo75vwth,https://lu.ma/eo75vwth,evt-A7T6ka9Qii64GTS,-2,Party/Dinner,0
OK,Tue 6 Oct,19:00,Predictions Over Wine: an Invite-Only Prediction Markets Evening by Raven,Predictions Over Wine: an Invite-Only Prediction Markets Evening by Raven,2026-10-06T11:00:00.000Z,2026-10-06T14:00:00.000Z,Asia/Singapore,Singapore Chinatown Singapore,YES,,,YES,,,What company do you work for?(*) | What best describes you?(*) | What is your Telegram username?(*) | What is your LinkedIn profile? | Who invited you?(*) | Are you interested in co-hosting events in the future?(*) | Terms and Conditions(*),https://luma.com/pwn3k3pw,https://lu.ma/pwn3k3pw,evt-YKenkkheHINtIb5,-2,Party/Dinner,0
OK,Tue 6 Oct,20:00,FutureXcon,FutureXcon | KOL Party 🇸🇬,2026-10-06T12:00:00.000Z,2026-10-06T17:00:00.000Z,Asia/Singapore,Singapore Downtown Core Singapore,YES,,,YES,,,What is your LinkedIn profile?(*) | What is your X (Twitter) handle?(*) | What is your Telegram username?(*) | About you(*),https://luma.com/czcu2q8y,https://lu.ma/czcu2q8y,evt-dc1tzkHvTWkNYza,-2,Party/Dinner,
OK,Tue 6 Oct,20:30,Liquid Hours By Libeara,"Liquid Hours by Libeara , SC Ventures, BNY Investments, Certik & Utila",2026-10-06T12:30:00.000Z,2026-10-06T15:30:00.000Z,Asia/Singapore,Singapore Central Area Singapore,YES,YES,0,,YES,,Company(*) | Position(*),https://luma.com/jdkbue3v,https://lu.ma/jdkbue3v,evt-JvKunaH9B2IuawW,-2,Party/Dinner,
OK,Tue 6 Oct,22:00,Glow Night with ZMO,Glow Night with ZMO,2026-10-06T14:00:00.000Z,2026-10-06T18:00:00.000Z,Asia/Singapore,Singapore Orchard Singapore,YES,YES,0,,YES,,Your Company | Job Title | TG Handle,https://luma.com/92jeiach,https://lu.ma/92jeiach,evt-lkAEgTWumG2jrah,-2,Party/Dinner,0
OK,Tue 6 Oct,22:00,Midnight Munchies with Ammalgam,Midnight Munchies with Ammalgam,2026-10-06T14:00:00.000Z,2026-10-06T16:30:00.000Z,Asia/Singapore,Singapore Central Area Singapore,YES,,,,,,,https://luma.com/vw4y28g1,https://lu.ma/vw4y28g1,evt-3Tu3joOpDOAUPL2,-2,Party/Dinner,
OK,Wed 7 Oct,11:00,The Best Event: The Peak,The Best Event: The Peak,2026-10-07T03:00:00.000Z,2026-10-07T06:00:00.000Z,Asia/Singapore,Singapore Downtown Core Singapore,YES,,,YES,,,"What is your Telegram username?(*) | What is your LinkedIn profile?(*) | What is your X (Twitter) handle? | What best describes your role?(*) | What company or project are you mainly working with?(*) | What stage is your company or project currently at?(*) | Where are you primarily based?(*) | What are you actively looking for from this event?(*) | Are you interested in connecting with any of our partners?(*) | What type of event would your company be interested in sponsoring in the future?(*) | I'm open to connecting with relevant people, partners and services that match my interests, and happy for my details to be shared for this purpose.(*)",https://luma.com/TBE-ThePeak,https://lu.ma/TBE-ThePeak,evt-Ds5nWsOeaPk8nFn,-2,Party/Dinner,0
OK,Wed 7 Oct,15:30,VIP Penthouse Experience,VIP Penthouse Experience,2026-10-07T07:30:00.000Z,2026-10-07T10:30:00.000Z,Asia/Singapore,Singapore Downtown Core Singapore,YES,,,YES,,,"What is your LinkedIn profile?(*) | What is your X (Twitter) handle? | What is your Telegram username?(*) | What best describes your role?(*) | What company or project are you mainly working with?(*) | Where are you primarily based?(*) | What are you actively looking for from this event? | Are you interested in connecting with any of our partners? | I'm open to connecting with relevant people, partners and services that match my interests, and happy for my details to be shared for this purpose.(*) | Are you interested in learning about the only quantum secure blockchain backed by the UAE royal family?",https://luma.com/vippenthouse,https://lu.ma/vippenthouse,evt-IR9oS0NdPsHIjhj,-2,Party/Dinner,0
OK,Wed 7 Oct,17:00,10x Research 'Get Together',10x Research 'Get Together' Token2049 Singapore,2026-10-06T09:00:00.000Z,2026-10-06T11:00:00.000Z,Asia/Singapore,,YES,,,YES,,,10x Research Premium Subscriber?,https://luma.com/rofpy20p,https://lu.ma/rofpy20p,evt-6Es1pgQEhEEBR0h,-2,Party/Dinner,0
OK,Wed 7 Oct,17:00,Happy Hour | ether.fi Lounge,Happy Hour | ether.fi Lounge,2026-10-07T09:00:00.000Z,2026-10-07T10:00:00.000Z,Asia/Singapore,,YES,,,YES,,,,https://luma.com/rrusrk76,https://lu.ma/rrusrk76,evt-sXHTfQd9p2ZHo2k,-2,Party/Dinner,0
OK,Wed 7 Oct,18:00,"Token VIP Dinner w/ Exodus, Onramper and ZCash","Token2049 VIP Dinner w/ Exodus, Onramper & ZCash",2026-10-07T10:00:00.000Z,2026-10-07T13:00:00.000Z,Asia/Singapore,Singapore Singapore River Singapore,YES,,44,YES,,,What company do you work for?(*) | What is your LinkedIn profile?(*) | What is your company website?(*) | What describes you best?(*) | Who invited you?(*) | Terms and Conditions(*),https://luma.com/kkusynvq,https://lu.ma/kkusynvq,evt-2oxGwMQGu6nGh48,-2,Party/Dinner,0
OK,Wed 7 Oct,19:00,0G: Bright Futures After Dark,0G: Bright Futures After Dark,2026-10-07T11:00:00.000Z,2026-10-07T14:00:00.000Z,Asia/Singapore,Singapore Central Area Singapore,YES,,93,YES,,,What is your X (Twitter) handle?(*) | Who invited you?(*),https://luma.com/0g_KOL_Singapore2026,https://lu.ma/0g_KOL_Singapore2026,evt-MQpVWkztvydv9wD,-2,Party/Dinner,0
OK,Wed 7 Oct,19:00,Convergence Mixer by Surgence Labs,Convergence Mixer by Surgence Labs | Token2049 Singapore,2026-10-07T12:00:00.000Z,2026-10-07T16:00:00.000Z,Asia/Singapore,Singapore Tanjong Pagar Singapore,YES,YES,0,YES,YES,,What company do you work for?(*) | What defines your role best?(*) | Niche/ Company Type(*) | What is your Telegram username?(*) | What is your X (Twitter) handle?(*) | What is your LinkedIn profile?(*),https://luma.com/convergence-mixer-by-surgencelabs?tk=0yS6zl,https://lu.ma/convergence-mixer-by-surgencelabs,evt-6kwsq9uruPIbqXb,-2,Party/Dinner,0
OK,Wed 7 Oct,19:00,UNPROMPTED: An Evening of Unscripted Conversations,UNPROMPTED: An Evening of Unscripted Conversations,2026-10-07T11:00:00.000Z,2026-10-07T14:00:00.000Z,Asia/Singapore,Singapore Downtown Core Singapore,YES,,,YES,,,Which company do you work for?(*) | Company Email(*) | Telegram ID (Optional),https://luma.com/n3csj3ze,https://lu.ma/n3csj3ze,evt-tLuUoyzK6JKSGZh,-2,Party/Dinner,0
FETCH_FAILED,Wed 7 Oct,19:30,Crypto Noir:After Party,,,,,,,,,,,,,https://luma.com/hiduaq79,,,-2,Party/Dinner,0
OK,Wed 7 Oct,19:30,Networking Night - For women in crypto/finance/tech/Web3/creatives,TOKEN2049/F1 week Afterparty - For women in crypto/finance/tech/Web3.,2026-10-07T11:30:00.000Z,2026-10-07T13:30:00.000Z,Asia/Singapore,Singapore Outram Singapore,YES,,6,YES,,,"I am a woman 💖 (this event is for women only)(*) | Which age group are you in?(*) | What company do you work for?(*) | What is your LinkedIn profile?(*) | What is your Telegram username? (We will add you into our community channel where we will share more info before the event, as well as photos & videos from the event.)(*) | What is your Instagram username? (As this is a women-only community, we use Instagram to help verify sign-ups and stay in touch. Thank you for helping us keep this space intentional 💗) *(*) | What are you hoping to find or experience through Hangouts With Her?(*) | Tell us a little about yourself & what would you bring to the Hangouts With Her community?(*) | Where did you hear about this event?(*) | Terms and Conditions(*)",https://luma.com/zaz2b1xy,https://lu.ma/zaz2b1xy,evt-TVSTgNSHZ5pZZeF,-2,Party/Dinner,0
